family,m,N,K,rho_max,margin,flip_rate,class_size
Knapsack,3,86,5,-0.288789191581943,0.0030039777872431506,0.525,7
Knapsack,5,111,7,-0.05161290628447628,0.0009889240496441243,0.525,7
Knapsack,5,88,7,-0.07591050703372626,0.0047123015825892844,0.4,4
Knapsack,5,294,7,-0.16026590060029644,0.028169014056337982,0.275,4
Knapsack,3,219,5,-0.41808460518985724,0.004625346896392268,0.425,5
Knapsack,3,71,5,-0.36503276907420684,0.005387066935895635,0.7,5
Knapsack,3,94,5,-0.39701966334604877,0.006750862751792042,0.85,5
Knapsack,5,299,7,-0.1634263799606515,0.013132851147887425,0.375,4
Knapsack,3,206,5,-0.41152150325449754,0.0010410641979178292,0.875,10
Knapsack,3,175,5,-0.4010374490790392,0.002661142965631469,0.875,7
Knapsack,3,277,5,-0.42416201996893577,0.0050033806576065265,0.85,8
Knapsack,4,174,6,-0.1740574575279577,0.012820512807692253,0.775,8
Knapsack,4,282,6,-0.2117083476207699,0.028539190412336324,0.575,8
Knapsack,4,255,6,-0.20767956150467204,0.018945760103284748,0.25,4
Knapsack,3,235,5,-0.43944250666392515,0.002147214684858345,0.95,7
Knapsack,3,264,5,-0.40681869862348263,0.010989010978021962,0.425,8
Knapsack,3,182,5,-0.4318826107437487,0.0033248608707385774,0.65,7
Knapsack,4,208,6,-0.21270447651953042,0.008931835715532799,0.525,7
Knapsack,4,284,6,-0.1708076535538624,0.01448141685934523,0.625,8
Knapsack,5,185,7,-0.1339055794438139,0.01535630168786506,0.8,7
Knapsack,3,92,5,-0.4164345144776872,0.004729729725000076,0.85,9
Knapsack,5,134,7,0.06552900471043036,0.01368523947800604,0.725,6
Knapsack,5,257,7,-0.14567118130516205,0.02318370045296947,0.625,7
Knapsack,4,66,6,-0.15288798662673342,0.019230769211538656,0.05,3
Knapsack,4,79,6,-0.19983101586493035,0.015867356019076517,0.65,5
Knapsack,3,218,5,-0.4273532771854358,0.010989010978021962,0.425,5
Knapsack,3,251,5,-0.4113600110970026,0.022050456810612684,0.6,6
Knapsack,3,122,5,-0.3429641283087407,0.02114292615984048,0.525,8
Knapsack,5,279,7,-0.08590713606166886,0.02976492471232861,0.725,8
Knapsack,5,168,7,-0.13146239485330286,0.020374220353846284,0.55,7
Knapsack,5,80,7,-0.004923667054188894,0.006105006098901189,0.5,7
Knapsack,4,202,6,-0.27263459835730747,0.01988795516218489,0.45,7
Knapsack,5,264,7,-0.16084122516757202,0.008658008649350735,0.65,7
Knapsack,3,236,5,-0.44359133671232553,0.006520198434301849,0.775,11
Knapsack,3,196,5,-0.38330066028385734,0.0017942583714116722,0.925,11
Knapsack,4,249,6,-0.2023548350849764,0.012048192759036125,0.55,5
Knapsack,4,262,6,-0.241213569581537,0.00346800762614885,0.4,5
Knapsack,5,87,7,-0.0475274105645015,0.0011845534221751608,0.7,5
Knapsack,5,242,7,-0.14910416682998734,0.01388888887500006,0.425,5
Knapsack,4,66,6,-0.09630566604224787,0.06531945288426211,0.075,3
Knapsack,3,80,5,-0.3727199302589423,0.01722652883720932,0.425,7
Knapsack,3,292,5,-0.4434347438666536,0.0030095759203829786,0.975,11
Knapsack,4,88,6,-0.24354181756915194,0.001997040756477886,0.675,5
Knapsack,5,165,7,-0.0670851815655729,0.025974025948051982,0.35,7
Knapsack,4,262,6,-0.24409017632540483,0.011897590349548182,0.625,5
Knapsack,5,65,7,-0.1241101593006985,0.016393442606557618,0.45,3
Knapsack,3,223,5,-0.44416817742060766,0.003719406497569855,0.6,10
Knapsack,5,200,7,-0.14259101170052702,0.005103082256583069,0.75,5
Knapsack,3,286,5,-0.39375716446833836,0.010539297664673208,0.35,6
Knapsack,4,225,6,-0.2806104345898033,0.02519349545212013,0.15,3
Knapsack,4,159,6,-0.1979810695024473,0.02735014736865382,0.325,4
Knapsack,4,238,6,-0.20534077860332028,0.021202531624367138,0.275,4
Knapsack,4,288,6,-0.2686652164773333,0.013108540091768317,0.625,7
Knapsack,3,198,5,-0.44180973628564624,0.0056589724440805345,0.625,6
Knapsack,4,232,6,-0.21148572763139661,0.002270627617015464,0.775,6
Knapsack,4,256,6,-0.2779248807118302,0.027165410298535142,0.625,7
Knapsack,3,148,5,-0.3979768204719834,0.003713184326849306,0.675,5
Knapsack,4,180,6,-0.1079017616699497,0.008491047025848797,0.75,6
Knapsack,3,138,5,-0.40516746808850124,0.005813949448217448,0.65,4
Knapsack,4,266,6,-0.17779513739525302,0.04079115440739556,0.3,6
Knapsack,4,122,6,-0.1499490606285228,0.014358974344615416,0.025,2
Knapsack,3,184,5,-0.4050978249546421,0.010989010978021962,0.8,8
Knapsack,5,209,7,-0.12945797819869428,0.01904761902857144,0.375,5
Knapsack,3,174,5,-0.4183642979103635,0.002221060880976955,0.55,8
Knapsack,4,196,6,-0.22098514634091723,0.015804597685344812,0.7,8
Knapsack,5,267,7,-0.06332777320028438,0.003781029093703814,0.275,6
Knapsack,5,219,7,-0.06906691963401249,0.03126006472322984,0.375,6
Knapsack,5,85,7,-0.11317119346121404,0.0073589577961322705,0.75,8
Knapsack,4,67,6,-0.12614416778868517,0.008468437390704242,0.625,6
Knapsack,4,114,6,-0.20390238520295378,0.011741682962817968,0.575,6
Knapsack,5,251,7,-0.10228468490923501,0.00387212540033699,0.575,8
Knapsack,5,117,7,-0.0574688396060291,0.010171333939100635,0.225,4
Knapsack,4,67,6,-0.12336560034148839,0.029510395678068346,0.2,4
Knapsack,3,116,5,-0.4201282921470094,0.012205137697402946,0.45,6
Knapsack,4,150,6,-0.1803632211029763,0.012658227835442792,0.5,7
Knapsack,5,66,7,-0.14996706710774615,0.004669721454689135,0.675,5
Knapsack,3,62,5,-0.41318730459073594,0.013333333319999974,0.375,5
Knapsack,3,86,5,-0.3678116731022804,0.018939393920454517,0.425,8
Knapsack,4,253,6,-0.26214407393675165,0.0031426775581395727,0.4,8
Knapsack,3,146,5,-0.4578870163529527,0.0050505050454545675,0.85,6
Knapsack,5,143,7,-0.10376153999789293,0.010256410246153869,0.25,6
Knapsack,4,65,6,-0.12901580440152627,0.03813559318220339,0.5,5
Knapsack,4,208,6,-0.27174250314850246,0.015301418354124796,0.8,10
Knapsack,4,129,6,-0.21440619804400987,0.01904761902857144,0.475,6
Knapsack,4,179,6,-0.17076682500147344,0.022957185081564635,0.625,8
Knapsack,4,146,6,-0.25590765963440143,0.00801871031607082,0.575,4
Knapsack,4,172,6,-0.24979089061375945,0.0197665010472311,0.55,3
Knapsack,4,226,6,-0.266696033734678,0.0072332730488244845,0.875,11
Knapsack,4,76,6,-0.2088280195102465,0.0024210199124351517,0.525,3
Knapsack,5,228,7,-0.1763042755396097,0.014099183680193694,0.225,5
Knapsack,4,227,6,-0.26832043245538784,0.030308302992108516,0.775,9
Knapsack,5,138,7,-0.12398812459886785,0.0021900489728177153,0.9,7
Knapsack,3,129,5,-0.3508406090217776,0.010869565206521825,0.475,6
Knapsack,4,107,6,-0.15400636685777513,0.002442201234939767,0.525,5
Knapsack,4,138,6,-0.1593726850667499,0.010035842283870888,0.875,9
Knapsack,5,265,7,-0.12548208833343055,0.013157894723684227,0.575,7
Knapsack,5,121,7,-0.0730874836219946,0.00490196077941174,0.225,3
Knapsack,4,232,6,-0.10815752633475875,0.0024021219953166417,0.775,6
Knapsack,5,164,7,-0.13243514242894794,0.012843209731136174,0.575,8
Knapsack,3,201,5,-0.41112812340627436,0.00835945662695925,0.6,6
Job-shop,3,216,5,-0.46374839803843965,0.0602950327564703,0.175,4
Job-shop,3,215,5,-0.4692847892231542,0.01924556813825634,0.825,12
Job-shop,3,75,5,-0.460962717252901,0.00878667279967793,0.825,11
Job-shop,5,205,7,-0.17792831207181622,0.01163362695450404,0.525,7
Job-shop,3,258,5,-0.4776277234858913,0.03413120563962774,0.225,6
Job-shop,4,254,6,-0.30811801672691613,0.028101802729056213,0.5,8
Job-shop,4,158,6,-0.23715994920594047,0.023809523785714326,0.65,11
Job-shop,5,206,7,-0.16591950677364414,0.04603554142632982,0.5,8
Job-shop,4,169,6,-0.24649170375255017,0.022488754999112348,0.825,9
Job-shop,4,140,6,-0.1976809705844404,0.005994920730172215,0.9,10
Job-shop,4,191,6,-0.21973381945909062,0.04437747146354204,0.55,8
Job-shop,5,257,7,-0.1461715154369453,0.04444444439999995,0.475,9
Job-shop,4,144,6,-0.1586040406098474,0.0146341463268293,0.9,8
Job-shop,5,158,7,-0.14235508588961776,0.021022976315477615,0.775,12
Job-shop,5,157,7,-0.12806987670679718,0.04014252810813995,0.475,5
Job-shop,4,103,6,-0.2521126721458016,0.0017813128756341556,0.925,8
Job-shop,3,207,5,-0.4635924561946235,0.013131313118181831,0.35,7
Job-shop,3,253,5,-0.44585492900793916,0.004661712599072554,0.325,7
Job-shop,5,175,7,-0.1523522323847178,0.0121834355021474,0.75,8
Job-shop,4,121,6,-0.21061035764516642,0.015243902423780487,0.35,6
Job-shop,5,134,7,-0.10630930070006914,0.008771929815789503,0.8,5
Job-shop,5,105,7,-0.16120620442410225,0.04180750893995083,0.525,6
Job-shop,5,154,7,-0.14799112671042056,0.03333333329999999,0.4,8
Job-shop,4,218,6,-0.13607706738174322,0.0022172948980044294,0.925,16
Job-shop,3,85,5,-0.41377177797373554,0.021276595723404235,0.925,6
Job-shop,5,124,7,-0.09754730677376951,0.02162162160000003,0.5,5
Job-shop,4,295,6,-0.279375645781989,0.03636363632727274,0.675,8
Job-shop,5,117,7,-0.13143343295355112,0.03936822860942807,0.8,8
Job-shop,3,226,5,-0.4497929556859042,0.04255319144680847,0.5,5
Job-shop,4,169,6,-0.2277322151259285,5.709894064065413e-05,0.825,10
Job-shop,4,207,6,-0.21715992753180047,0.03508964932806358,0.7,12
Job-shop,5,256,7,-0.18347510672800166,0.014090900359628733,0.6,11
Job-shop,3,112,5,-0.4310280348182817,0.014018691182373533,0.925,11
Job-shop,4,122,6,-0.21702728251367123,0.019583843309669502,0.7,9
Job-shop,3,252,5,-0.4727047338386057,0.004500835873812392,0.975,13
Job-shop,4,227,6,-0.21246217019186237,0.00941306754318938,0.9,14
Job-shop,5,214,7,-0.1857427338503927,0.016666666649999995,0.775,12
Job-shop,3,277,5,-0.4304020171173042,0.021276595723404235,0.575,9
Job-shop,4,184,6,-0.28884950883405935,0.02005129649315457,0.6,6
Job-shop,3,118,5,-0.43183890037787404,0.020370348876912414,0.7,7
Job-shop,5,73,7,-0.054252201624170195,0.0033085194342432067,0.775,5
Job-shop,3,81,5,-0.4825978485052643,0.008333333325000025,0.65,7
Job-shop,3,220,5,-0.4836034404955557,0.062499999937499995,0.4,6
Job-shop,3,181,5,-0.45873659332395617,0.039715491886449183,0.45,9
Job-shop,4,125,6,-0.17561415769160252,0.02326531451049757,0.875,7
Job-shop,3,162,5,-0.42981730780098637,0.05748792264782615,0.225,4
Job-shop,5,295,7,-0.17946605938345556,0.0017113408662998153,0.975,12
Job-shop,5,88,7,-0.04357628860293649,0.02702702699999998,0.45,4
Job-shop,3,87,5,-0.48395731916522805,0.00786308972386679,0.9,9
Job-shop,5,290,7,-0.18848004736087096,0.008333333325000025,0.725,12
Job-shop,3,267,5,-0.4782703657036249,0.009523828789590183,0.9,12
Job-shop,3,120,5,-0.3507071732286875,0.04680851059148944,0.2,5
Job-shop,4,146,6,-0.2399147853976764,0.0304901523417917,0.55,13
Job-shop,5,230,7,-0.17816375573412752,0.026817314757247412,0.7,8
Job-shop,5,149,7,-0.12643664136116495,0.010042035956210726,0.575,5
Job-shop,4,128,6,-0.171339947678637,0.04305555551250001,0.625,9
Job-shop,5,133,7,-0.1546299055517442,0.0016331611150800507,0.525,9
Job-shop,5,127,7,-0.07726376086178897,0.01400862067564651,0.875,7
Job-shop,3,221,5,-0.46646015674276564,0.0,0.3,4
Job-shop,3,147,5,-0.35093106371570326,0.011968085094414882,0.925,10
Job-shop,5,102,7,-0.1592329054348887,0.009216589852534596,0.325,4
Job-shop,5,61,7,-0.05610713540919159,0.011261261250000043,0.2,3
Job-shop,3,236,5,-0.4931379344258713,0.02127659572340429,0.925,11
Job-shop,4,172,6,-0.22764469961351044,0.02222222220000003,0.525,6
Job-shop,5,96,7,-0.1621595214110308,0.009210390951382152,0.65,6
Job-shop,4,286,6,-0.25780872224271456,0.01424326030828954,0.875,13
Job-shop,3,296,5,-0.4533274718202207,0.009309299014755856,0.725,13
Job-shop,3,173,5,-0.4718354033912595,0.062499999937499995,0.275,4
Job-shop,3,229,5,-0.4730407425970354,0.03749999996250003,0.55,9
Job-shop,5,189,7,-0.23043383570766401,0.01424821676915028,0.475,7
Job-shop,3,153,5,-0.47987439786265373,0.02173913041304354,0.35,7
Job-shop,3,231,5,-0.4726884592342204,0.02310923289431749,0.525,7
Job-shop,3,296,5,-0.46618738283268724,0.04255319144680858,0.45,7
Job-shop,4,289,6,-0.2948973551289297,0.060584132204687335,0.4,9
Job-shop,4,115,6,-0.25286058390921856,0.06625744149040647,0.475,5
Job-shop,3,84,5,-0.4467878414022686,0.0061617724242413185,0.95,9
Job-shop,4,139,6,-0.2753582399078856,0.0007823195618095191,0.825,10
Job-shop,5,280,7,-0.20178083408541625,0.007926829260365864,0.175,5
Job-shop,4,281,6,-0.30065562735513546,0.033150617639646496,0.85,13
Job-shop,4,279,6,-0.2913243587277417,0.017537143337771344,0.6,14
Job-shop,3,194,5,-0.4779831859563134,0.08510638289361705,0.45,11
Job-shop,5,220,7,-0.14832665828969588,0.031007751906976688,0.25,7
Job-shop,5,216,7,-0.16231964172268942,0.04152933417073168,0.575,10
Job-shop,4,217,6,-0.24786871782374778,0.014650756626129524,0.95,13
Job-shop,4,111,6,-0.27210946772378747,0.01527550462193128,0.825,6
Job-shop,3,151,5,-0.4821177472919438,0.022727272704545498,0.425,4
Job-shop,3,244,5,-0.4489134680479823,0.03219696966477276,0.5,7
Job-shop,4,151,6,-0.30053767149456834,0.02127659572340429,0.825,12
Job-shop,4,238,6,-0.252985025621422,0.055719970336616687,0.475,9
Job-shop,4,185,6,-0.28232902634788287,0.053030302977272736,0.45,6
Job-shop,4,289,6,-0.20154032669582067,0.02380952378571427,0.675,9
Job-shop,3,169,5,-0.4068358507935954,0.01721014491032613,0.475,6
Job-shop,3,181,5,-0.47375016099774087,0.07874396127391314,0.325,3
Job-shop,5,173,7,-0.15512344082314497,0.0069498069428571285,0.575,5
Job-shop,4,215,6,-0.2777411971440945,0.02325581393023257,0.425,7
Job-shop,5,298,7,-0.2198075512234753,0.004923548544595979,0.85,15
Job-shop,3,242,5,-0.4666074322761564,0.00035813559133390793,0.925,10
Job-shop,4,193,6,-0.274676485504853,0.010279229756682884,0.6,10
Job-shop,4,165,6,-0.19442845244566923,0.018402433444144384,0.85,9
Job-shop,5,270,7,-0.18159233249155268,0.0007990311566361541,0.975,9
WFG2,4,150,6,0.032876679685820996,0.08421601555828681,0.0,1
WFG2,5,130,7,0.06523706495142262,0.035320138795180256,0.0,1
WFG2,9,133,11,0.06273649530467168,0.0007588692161029087,0.0,1
WFG2,6,496,8,0.05468554912243531,0.02920651592319856,0.0,1
WFG2,3,47,5,-0.05325396838156798,0.1611024221173636,0.0,1
WFG2,7,495,9,0.0215214778214296,0.0068705870953514325,0.0,1
WFG2,13,475,15,0.08778448381995003,0.019464322360137343,0.0,1
WFG2,13,141,15,0.1634035969550977,0.020365186223633147,0.0,1
WFG2,4,151,6,-0.14714766147527347,0.08040798036238317,0.0,1
WFG2,6,141,8,0.02183998588264495,0.00379791181344441,0.0,1
WFG2,8,121,10,0.0737693196560414,0.04836815840649511,0.0,1
WFG2,4,189,6,-0.16777929179527526,0.015849090036183677,0.0,1
WFG2,12,222,14,0.08517841360428888,0.01921364489031896,0.0,1
WFG2,4,131,6,-0.1287134295189498,0.05234738596885122,0.0,1
WFG2,8,132,10,0.08661264570163416,0.03623360078400839,0.15,2
WFG2,4,150,6,-0.07024781873709922,0.007821863960569747,0.0,1
WFG2,11,490,13,0.024362198750593665,0.002248234976338581,0.0,1
WFG2,8,110,10,0.11167746667360706,0.04139592158880229,0.0,1
WFG2,5,365,7,-0.029881567151189864,0.00977822465167133,0.0,1
WFG2,3,95,5,-0.23593758833065498,0.1465698546450342,0.0,1
WFG2,11,303,13,0.12361346613990597,0.06873179410546604,0.0,1
WFG2,8,151,10,0.09371068933830685,0.015570055540936434,0.0,1
WFG2,8,127,10,0.03387254655250157,0.009511953663238149,0.0,1
WFG2,15,461,17,0.062337706411706786,0.10294866078958126,0.0,1
WFG2,10,449,12,0.060162372489333774,0.02651825616292952,0.0,1
WFG2,3,144,5,-0.2721264763385232,0.017576139809320546,0.0,1
WFG2,4,169,6,-0.15861680453539279,0.04978493330232431,0.0,1
WFG2,6,349,8,-0.021520042932707054,0.00309978471783412,0.0,1
WFG2,5,369,7,0.01469012523194391,0.05256996889955112,0.0,1
WFG2,6,350,8,-0.0019084807178094722,0.030059169643725625,0.0,1
WFG2,7,195,9,0.0830549138750584,0.016740839270084185,0.0,1
WFG2,12,90,14,0.2751201989225638,0.02207879092291032,0.0,1
WFG2,14,120,16,0.10299293763726505,0.05594525457905053,0.0,1
WFG2,14,185,16,0.24832633802576404,0.003133723540128752,0.0,1
WFG2,3,105,5,-0.14337190967735128,0.0738389256992951,0.0,1
WFG2,5,138,7,-0.015525136685359573,0.07413539888842152,0.0,1
WFG2,15,114,17,0.24744050947702748,0.0037330393319950916,0.0,1
WFG2,8,75,10,0.17219360097676586,0.003529491429616338,0.0,1
WFG2,14,384,16,0.06080563417801184,0.0047271934571027074,0.0,1
WFG2,14,489,16,0.05957347303418187,0.03346617627335918,0.0,1
WFG2,6,470,8,0.02243008366387051,0.011080135721424689,0.1,3
WFG2,6,127,8,-0.00785232068545738,0.011673873184320949,0.0,1
WFG2,9,488,11,0.04119398480285358,0.02735009003321126,0.0,1
WFG2,4,108,6,0.0014200544894419967,0.04129323671395585,0.0,1
WFG2,11,431,13,0.10505706657404723,0.015048031771704051,0.075,2
WFG2,8,183,10,0.09411662159451006,0.015855992028387222,0.0,1
WFG2,11,468,13,0.06578217780458626,0.03879385556563364,0.0,1
WFG2,12,79,14,0.18559633040245713,0.025897318915555023,0.0,1
WFG2,8,488,10,0.04724588711732161,0.006911477519177922,0.0,1
WFG2,8,132,10,0.12776648945344274,0.038969339954446125,0.0,1
WFG2,8,321,10,0.0373489950876183,0.0008130325400437788,0.75,2
WFG2,10,333,12,0.031379695158113244,0.004667999856655114,0.0,1
WFG2,12,215,14,0.07855142115692508,0.011994182122339714,0.0,1
WFG2,8,295,10,0.10924716747595259,0.0076939071417601035,0.6,3
WFG2,12,94,14,0.14998850111039408,0.001042499842294431,0.0,1
WFG2,5,353,7,-0.033626827587541534,0.03538531268809464,0.0,1
WFG2,13,102,15,0.1742615154085681,0.014722517594337625,0.0,1
WFG2,14,237,16,0.1216778066205619,0.0016012504409271822,0.0,1
WFG2,15,118,17,0.20252576870079975,0.015186722768960048,0.0,1
WFG2,4,141,6,0.059164316727931834,0.047175179725317234,0.0,1
WFG2,13,292,15,0.10224321034663147,0.036770372131001094,0.0,1
WFG2,9,136,11,0.15256110244605448,0.011342056846659898,0.0,1
WFG2,15,209,17,0.14498428335212288,0.01631136655483678,0.0,1
WFG2,9,203,11,0.13460537479109935,0.003262704560072105,0.0,1
WFG2,7,83,9,0.08052594987350324,0.028285796340936864,0.0,1
WFG2,4,111,6,-0.06379229236412048,0.01970274953596146,0.0,1
WFG2,7,356,9,0.02366680741408845,0.024182191132475217,0.0,1
WFG2,4,89,6,-0.09246429948198692,0.07697214408028291,0.0,1
WFG2,7,459,9,0.07798132427350313,0.0110766640513279,0.0,1
WFG2,11,153,13,0.1508416292406522,0.0038469112684910156,0.0,1
WFG2,11,432,13,0.06512968323231753,0.016434141618360987,0.0,1
WFG2,12,488,14,0.02336038903731691,0.005363767230218031,0.0,1
WFG2,12,161,14,0.15591870934059077,0.040143700487803025,0.0,1
WFG2,4,253,6,-0.14713319539945371,0.014493426455994413,0.0,1
WFG2,5,406,7,-0.029018783163259124,0.009437307153013219,0.075,2
WFG2,14,189,16,0.16024805839685327,0.009506013430888416,0.0,1
WFG2,10,400,12,0.0782959922957842,0.0714307885031103,0.0,1
WFG2,15,396,17,0.06035188476229114,0.0342752377865676,0.0,1
WFG2,3,93,5,-0.03144656523993838,0.03309017012033147,0.0,1
WFG2,11,118,13,0.09767734470654618,0.03952766071797231,0.0,1
WFG2,12,226,14,0.13630433638456613,0.0014902678973405248,0.45,2
WFG2,14,289,16,0.12698584176345445,0.032096448846945735,0.0,1
WFG2,10,277,12,0.11493251878261064,0.009547008551762215,0.05,2
WFG2,12,445,14,0.0826809160844988,0.0059065731313053815,0.5,2
WFG2,3,143,5,-0.253422245345971,0.07348809507929328,0.0,1
WFG2,12,83,14,0.1050230790483619,0.07418004392566291,0.0,1
WFG2,14,102,16,0.2222438050686816,0.011753121275416833,0.125,3
WFG2,3,50,5,-0.18577176713573068,0.02251033539135122,0.0,1
WFG2,10,160,12,0.1853920752908286,0.026307395764171293,0.0,1
WFG2,13,483,15,0.04872847539684304,0.00529984160468322,0.0,1
WFG2,3,113,5,-0.18312771210840242,0.08583146182910488,0.0,1
WFG2,14,264,16,0.085834992941662,0.0039202147035002355,0.225,2
WFG2,6,412,8,0.005381335725530301,0.01911274182899242,0.0,1
WFG2,9,121,11,0.10291852126774688,0.012536819876068583,0.0,1
WFG2,4,128,6,0.15976733127814285,0.04217235611399284,0.0,1
WFG2,9,441,11,0.0641262398744383,0.002645352980686133,0.175,2
WFG2,12,453,14,0.06951156895191461,0.010220112543702975,0.0,1
WFG2,9,222,11,0.06748031896600809,0.0037272777136548862,0.0,1
WFG2,4,202,6,-0.13581014636591715,0.022134777354014562,0.0,1
WFG2,10,229,12,0.055751312037483236,0.02991605335353892,0.0,1
DTLZ,13,315,15,0.06242020545347218,0.001471142598738484,0.35,5
DTLZ,12,403,14,0.021400468664609727,0.011275275287467745,0.7,11
DTLZ,15,95,17,0.1529838891583571,0.0041255490828487895,0.6,7
DTLZ,5,236,7,-0.08175395951491302,0.01355193015075995,0.475,5
DTLZ,9,181,11,0.03310571910156201,0.014498356567367865,0.75,4
DTLZ,9,495,11,-0.055595547620164755,0.005564982405589114,0.3,4
DTLZ,15,209,17,0.12809382025721808,0.012478890980232693,0.4,5
DTLZ,4,187,6,-0.2042618704060843,0.007612129409486523,0.7,6
DTLZ,8,275,10,-0.050462729196538186,0.021363803784685165,0.4,7
DTLZ,15,173,17,0.11218413871708156,0.005155701720472972,0.45,4
DTLZ,10,282,12,0.0590046859608246,0.005681277157978615,0.75,6
DTLZ,9,362,11,-0.0034355537107407944,0.007089141886795991,0.9,12
DTLZ,7,479,9,-0.04839860010336075,0.006154611480253869,0.3,4
DTLZ,12,223,14,0.07454594481060026,0.0015769225705443146,0.8,6
DTLZ,7,344,9,-0.04407015997909109,0.01839540621737168,0.525,4
DTLZ,14,429,16,0.043208900604209066,0.012683812350344548,0.325,5
DTLZ,15,301,17,0.10478042691249778,0.00397323662014426,0.125,2
DTLZ,3,145,5,-0.4194970710560873,0.014670157048986221,0.475,7
DTLZ,13,470,15,0.03990790629876499,0.0010069560074650319,0.95,10
DTLZ,6,63,8,0.08322486761289948,0.0011285396577042084,0.675,9
DTLZ,11,232,13,0.054909069162625584,0.0030059157629028777,1.0,7
DTLZ,11,213,13,0.052584165223484754,0.006381483559359968,0.425,7
DTLZ,12,69,14,0.19586168318132352,0.05073199223135427,0.225,5
DTLZ,3,485,5,-0.41166601543882664,0.0021184568316395813,0.825,11
DTLZ,14,433,16,0.08080026490343412,0.017382732242060883,0.05,3
DTLZ,10,417,12,-0.013926700100359648,0.03479358544495881,0.35,4
DTLZ,11,102,13,0.1423379896162817,0.023308231750308495,0.25,4
DTLZ,5,261,7,-0.14231614865720227,0.013175392189253454,0.6,7
DTLZ,8,425,10,-0.06472116923592033,0.0023110589368583456,0.725,5
DTLZ,15,375,17,0.13042064387682825,0.011161724910243143,0.2,4
DTLZ,15,159,17,0.1195260949315555,0.026759543937257546,0.45,5
DTLZ,4,213,6,-0.26865889032385815,0.005535529257333471,0.575,8
DTLZ,8,296,10,-0.02059749393257876,0.006956633805390466,0.65,6
DTLZ,15,314,17,0.14537668594626366,0.018303618351001694,0.075,4
DTLZ,8,161,10,-0.014782957419332228,0.031538487194969655,0.175,3
DTLZ,10,257,12,0.048169746344447976,0.031229110623240852,0.075,2
DTLZ,11,136,13,0.08549889742886049,0.01118031037508982,0.5,8
DTLZ,14,287,16,0.11291904452660148,0.02127546238320943,0.75,6
DTLZ,8,340,10,0.017619958516995455,0.003840835352354688,0.775,11
DTLZ,5,165,7,-0.10768044102678424,0.0020185489902315723,0.525,7
DTLZ,12,297,14,0.08971138788779777,0.029209982191548356,0.45,5
DTLZ,4,102,6,-0.16969853508221158,0.0038555642649030775,0.525,5
DTLZ,3,479,5,-0.42975173142363127,0.0011705073697870771,0.9,10
DTLZ,15,158,17,0.14467096971218432,0.0038198305644843167,0.425,5
DTLZ,4,194,6,-0.22518134315544672,0.018853507253609347,0.2,4
DTLZ,4,484,6,-0.2328534298751791,0.008555218671811304,0.35,5
DTLZ,5,305,7,-0.09487818864879807,0.02335474117020253,0.5,6
DTLZ,3,494,5,-0.4527125872136949,0.010314839813361787,0.575,8
DTLZ,8,177,10,0.007075535333149776,0.018926704575978004,0.3,2
DTLZ,15,385,17,0.09753612620569424,0.0122893054360389,0.6,5
DTLZ,7,246,9,-0.06386338961820315,0.019579204647660386,0.825,7
DTLZ,5,163,7,-0.058232754074871204,0.01170267957450799,0.475,7
DTLZ,3,71,5,-0.36634307034522656,0.0072079630578800735,0.975,8
DTLZ,14,427,16,0.028630600130223068,0.00045247100660583683,0.975,8
DTLZ,11,350,13,0.0278989096754452,0.013318943574757824,0.6,7
DTLZ,6,365,8,-0.11373405609520629,0.0021154954524797986,0.275,7
DTLZ,11,450,13,0.019447350990271464,0.005943004578140787,0.7,4
DTLZ,3,96,5,-0.24096544909403458,0.005320238570704072,0.625,4
DTLZ,4,368,6,-0.23370191174776322,0.0033428461695167444,0.975,10
DTLZ,14,265,16,0.060322695926268884,0.025367521983427288,0.45,6
DTLZ,9,295,11,0.05080531838672076,0.005380532425314222,0.55,4
DTLZ,4,499,6,-0.24962091058528918,0.03107823000810006,0.175,5
DTLZ,5,450,7,-0.17420331698912936,0.00586555534233657,0.5,5
DTLZ,7,89,9,0.011924763093683904,0.00228791270072215,0.525,3
DTLZ,6,310,8,-0.14524530814951553,0.009669892075726105,0.725,8
DTLZ,12,116,14,0.11891192091095518,0.0010280220440550547,0.575,5
DTLZ,14,126,16,0.1291396915089981,0.00984462232916572,0.725,5
DTLZ,10,163,12,0.08951679110686368,0.004764020043577344,0.2,5
DTLZ,3,299,5,-0.3970221463763214,0.0013848724642131494,0.6,7
DTLZ,9,447,11,-0.024211924147957108,0.017680088884066247,0.725,8
DTLZ,11,274,13,0.0365550621020982,0.004746404270967841,0.475,8
DTLZ,7,177,9,-0.0771934378087904,0.0007039684847802707,0.725,7
DTLZ,8,124,10,0.04214138095694295,0.0027249875476149654,0.6,5
DTLZ,10,99,12,0.0462082815310599,0.005201293055858702,0.75,9
DTLZ,4,228,6,-0.2566125433312548,0.003121017303054696,0.7,6
DTLZ,9,109,11,0.08657152028659189,0.004147864775227883,0.5,3
DTLZ,12,380,14,0.06217160897569984,0.01310316873758477,0.25,5
DTLZ,11,284,13,0.030414536039912846,0.0034822806266333606,0.85,8
DTLZ,14,233,16,0.12717105790856964,0.00473072337488456,0.725,7
DTLZ,13,172,15,0.09141780309849593,0.013827451851769923,0.3,4
DTLZ,6,311,8,-0.09743601406283868,0.01750241775424166,0.575,8
DTLZ,15,79,17,0.16701845354471628,0.04347349358209229,0.1,2
DTLZ,13,128,15,0.1420308741500081,0.010514177829139881,1.0,5
DTLZ,9,93,11,0.11173637498020875,0.03374245505790818,0.15,4
DTLZ,9,106,11,0.09715880307883938,0.0037375207395339283,0.85,3
DTLZ,6,67,8,-0.009994741092823679,0.04349679393694583,0.25,3
DTLZ,7,358,9,-0.06236712725008391,0.004753654241474448,0.45,5
DTLZ,10,216,12,0.05279074748927276,0.028446110881836906,0.225,5
DTLZ,14,180,16,0.08578970512141282,0.0024239646632463474,0.5,5
DTLZ,6,265,8,-0.07647412436008225,0.011172396874895463,0.175,5
DTLZ,12,377,14,0.029898755760633507,0.014864566008341407,0.5,7
DTLZ,8,383,10,-0.002109832478634277,0.005785543247989966,0.925,10
DTLZ,8,179,10,0.025266317214439768,0.03332712823232997,0.2,6
DTLZ,4,484,6,-0.25345877334142397,0.00046082738374797483,0.9,6
DTLZ,9,386,11,-0.05391052019263178,0.014362848135269113,0.725,5
DTLZ,8,159,10,0.14782577043993042,0.00808067810923585,0.7,7
DTLZ,12,378,14,0.050624643373486364,0.007009959153836065,0.65,11
DTLZ,15,174,17,0.11901851959853849,0.00191690880138351,0.225,3
DTLZ,11,425,13,0.020743463865343682,0.005525372580626242,0.6,6
DTLZ,4,331,6,-0.2550426275318248,0.01049803034298169,0.55,8
Energy,6,343,8,-0.11632925715005354,0.012386551821153335,0.725,7
Energy,6,208,8,-0.10745541430084818,0.033530452495060314,0.175,6
Energy,4,326,6,-0.26863913130221123,0.03224116398640514,0.55,5
Energy,5,440,7,-0.19317755177614698,0.00031287578183919473,0.525,11
Energy,6,424,8,-0.14263397308860548,0.00770653114144243,0.875,11
Energy,4,413,6,-0.29189697291004774,0.01776729166769042,0.875,8
Energy,7,396,9,-0.08957237845332008,0.00947366572749292,0.675,8
Energy,5,115,7,0.0015285494138576208,0.010062783652570628,0.375,5
Energy,5,261,7,-0.1681621789802374,0.0008328928400372915,0.7,8
Energy,6,324,8,-0.12248922295671347,0.013953584656892393,0.825,9
Energy,5,439,7,-0.20019029986766504,0.0039652425683813775,0.7,14
Energy,5,316,7,-0.19276869704703056,0.0035977943870978413,0.925,9
Energy,6,334,8,-0.0852325922248458,0.02505556621999344,0.125,4
Energy,7,81,9,-0.06128670034169002,0.025606646533591182,0.525,3
Energy,8,213,10,-0.02410732126825103,0.023696222045140436,0.65,9
Energy,8,386,10,-0.060423614537941636,0.006777924969353699,0.6,6
Energy,7,224,9,-0.07403802504725829,0.01460744070431419,0.625,7
Energy,8,194,10,-0.04635267619121866,0.018717987903490496,0.55,6
Energy,8,494,10,-0.05581935787768916,0.020516397774475226,0.8,10
Energy,8,124,10,-0.026063870102097875,0.009382352775346103,0.575,5
Energy,5,285,7,-0.20794128917134896,0.007773803200009866,0.825,6
Energy,6,177,8,0.0008962742650742081,0.044423812635987825,0.6,5
Energy,4,123,6,-0.24942460362402202,0.025857267724652855,0.025,2
Energy,6,164,8,-0.024098681693162347,0.05444290028056553,0.35,6
Energy,8,180,10,-0.0075996477513674745,0.006397211866583652,0.8,4
Energy,6,87,8,0.1816846523595935,0.002746749258146941,0.525,6
Energy,6,354,8,-0.07180998680963854,0.013108268043406923,0.125,6
Energy,8,310,10,-0.04040767456878544,0.03388766620610051,0.825,8
Energy,4,280,6,-0.27444729555906955,0.05775358653038393,0.3,5
Energy,6,222,8,-0.02770712055845871,0.015391964416304194,0.0,1
Energy,5,413,7,-0.20153056349217574,0.0037902401571384137,0.6,4
Energy,6,93,8,-0.0407985998091298,0.04769192859146143,0.175,5
Energy,7,191,9,-0.08287559047020021,0.024635702823890937,0.025,2
Energy,4,143,6,-0.2853979515254401,0.02895599405490079,0.7,5
Energy,5,85,7,-0.13024465781508265,0.0050468838269775995,0.45,2
Energy,7,104,9,-0.03352589965029512,0.03774786079392822,0.7,8
Energy,4,390,6,-0.31691047415370954,0.0014806715301178275,0.9,8
Energy,5,455,7,-0.21683397174375063,0.0008466284563006798,0.875,8
Energy,4,453,6,-0.30105760915795154,0.0054143111884631945,0.675,2
Energy,5,322,7,-0.14277216321585212,0.007787924106799182,0.45,5
Energy,7,320,9,-0.11775610852288199,0.01145881188093928,0.6,7
Energy,4,143,6,-0.2904353266747432,0.06026892785128091,0.425,3
Energy,5,244,7,-0.17490164955278623,0.035597066589258486,0.0,1
Energy,5,119,7,-0.09139647424453164,0.02868231028431678,0.5,7
Energy,4,129,6,-0.26014445493936617,0.001985844016886784,0.575,4
Energy,6,316,8,-0.09906242822870953,0.020529741148436476,0.45,9
Energy,8,459,10,-0.06507066564201085,0.02120232232124175,1.0,15
Energy,8,439,10,-0.09384863049758786,0.013257841851659846,0.35,7
Energy,7,320,9,-0.07104980807579575,0.003495696041834362,0.575,6
Energy,7,442,9,-0.1219988800306143,0.03127477484562252,0.325,10
Concrete,7,490,9,-0.11142607121926412,0.02255338945824631,0.6,11
Concrete,6,151,8,-0.02980485058998339,0.01125096539299375,0.5,9
Concrete,4,103,6,-0.19084894217442264,0.05121191626452376,0.1,3
Concrete,8,185,10,0.013992480490757879,0.03181578120175316,0.7,8
Concrete,6,497,8,-0.13063654775554023,0.01552265964832078,0.7,6
Concrete,4,414,6,-0.29419010979796556,0.00018186585798524169,0.875,5
Concrete,5,488,7,-0.1591643749952778,0.024087587124209386,0.525,4
Concrete,5,406,7,-0.1918884241324216,0.0005469377100171258,0.75,11
Concrete,8,352,10,-0.06436076655962224,0.004452848464342907,0.475,3
Concrete,6,248,8,-0.1294225848847765,0.004205801705955192,0.425,4
Concrete,6,375,8,-0.14787696000771772,0.04119175115832158,0.6,5
Concrete,5,92,7,-0.15421737522306522,0.024583743305500838,0.175,3
Concrete,8,294,10,-0.050543177171440856,0.005540154372109696,0.0,1
Concrete,6,424,8,-0.1140165264992277,0.006841911868930295,0.725,11
Concrete,8,319,10,-0.021405679887792458,0.04014392894694968,0.2,2
Concrete,8,203,10,-0.040591130310419825,0.010159889261514232,1.0,11
Concrete,4,408,6,-0.2604163626821194,0.04125056551940631,0.175,3
Concrete,6,453,8,-0.15377570005792057,0.02010167375120403,0.45,7
Concrete,7,282,9,-0.08651230711328049,0.02696756932853206,0.775,4
Concrete,5,237,7,-0.15208818142721287,0.031803208474278255,0.45,3
Concrete,6,252,8,-0.09215977992386072,0.015341422408609584,0.5,8
Concrete,6,359,8,-0.12563943521264492,0.03492827074585503,0.65,9
Concrete,4,302,6,-0.2422843327553821,0.004417956027373382,0.675,6
Concrete,8,116,10,0.07917758598630177,0.052114867404417176,0.525,6
Concrete,5,460,7,-0.2110717397490135,0.022376281199922687,0.05,3
Concrete,7,434,9,-0.07133156168263924,0.0009594768843853019,0.55,11
Concrete,5,233,7,-0.15445319371998692,0.05793142883048896,0.625,9
Concrete,7,236,9,-0.0852257875623002,0.030408041459306534,0.525,5
Concrete,5,121,7,-0.1201297676653187,0.008641462524916488,0.6,3
Concrete,8,117,10,0.017773067493717053,0.008176029009134611,0.5,5
Concrete,4,276,6,-0.2955273970824072,0.0003901292726401495,0.8,3
Concrete,7,113,9,-0.013598643995223631,0.021290899232024152,0.2,4
Concrete,6,139,8,-0.016793971906837735,0.015591712984156736,0.725,5
Concrete,8,305,10,-0.0740542725259208,0.02166273736701213,0.45,11
Concrete,6,471,8,-0.14133506142431315,0.014693210312147986,0.55,10
Concrete,7,229,9,-0.06313093844198633,0.0012332511548733271,0.6,9
Concrete,8,283,10,-0.05306628107823626,0.038660996051466556,0.525,10
Concrete,5,374,7,-0.19942675057504705,0.018014361082345998,0.4,6
Concrete,8,179,10,-0.058150352342055074,0.042616429357039576,0.125,4
Concrete,4,348,6,-0.2541298434314684,0.003728843853664787,0.2,5
Concrete,8,281,10,-0.021406871075722415,0.04565259938979821,0.05,2
Concrete,5,452,7,-0.1989117303958851,0.012943915270192174,0.775,12
Concrete,8,369,10,-0.021553799421679183,0.050753311162379466,0.625,8
Concrete,8,476,10,-0.0745264707206705,0.02354335728444895,0.525,8
Concrete,4,103,6,-0.23617322610676045,0.0015255153247480946,0.875,6
Concrete,6,331,8,-0.1215949080254898,0.00019224457692390562,0.775,7
Concrete,4,139,6,-0.20359451267584527,0.030395001048565518,0.45,5
Concrete,6,75,8,0.055253899353671546,0.01566323760635102,0.3,2
Concrete,8,242,10,-0.02712787010246143,0.04588291864117261,0.025,2
Concrete,8,106,10,0.0512617005863794,0.025766540307321062,0.3,4
