instance,family,m,data_split,mode,refused,tied_nominal,rival,decisive_coordinate,winner_enclosure_width,rival_enclosure_width,certified_at_root,max_D_width,mean_D_width
simplex-3-0,simplex,3,development,independent,False,False,8,C_M,17.0,14.0,False,0.9977212054103778,0.1868546023077111
simplex-3-0,simplex,3,development,joint,False,False,8,C_M,1.0,0.0,False,0.6692196554562677,0.1301661482547238
simplex-3-1,simplex,3,development,independent,False,False,5,C_M,23.0,20.0,False,1.0,0.2311622765182334
simplex-3-1,simplex,3,development,joint,False,False,5,C_M,23.0,20.0,False,1.0,0.1988639364930109
simplex-3-2,simplex,3,development,independent,False,False,9,C_M,22.0,21.0,False,1.0,0.23771838839209194
simplex-3-2,simplex,3,development,joint,False,False,9,C_M,22.0,21.0,False,1.0,0.22374878748540844
simplex-3-3,simplex,3,calibration,independent,True,,,,,,,,
simplex-3-3,simplex,3,calibration,joint,True,,,,,,,,
simplex-3-4,simplex,3,test,independent,False,False,5,C_M,27.0,13.0,False,0.8599470270198952,0.1666393812623306
simplex-3-4,simplex,3,test,joint,False,False,5,C_M,22.0,13.0,False,0.6466507381833277,0.12218831675901294
simplex-3-5,simplex,3,test,independent,False,False,4,C_M,20.0,13.0,False,1.0,0.21730034222535907
simplex-3-5,simplex,3,test,joint,False,False,4,C_M,20.0,0.0,False,0.958628891307574,0.16387446997769914
simplex-3-6,simplex,3,test,independent,False,False,4,C_M,25.0,2.0,False,0.8361345187097552,0.16719044628362936
simplex-3-6,simplex,3,test,joint,False,False,4,C_M,12.0,0.0,False,0.5336586249531554,0.11335330520698314
simplex-3-7,simplex,3,test,independent,False,False,0,C_M,26.0,15.0,False,0.9733841760665436,0.19424078042533824
simplex-3-7,simplex,3,test,joint,False,False,0,C_M,16.0,7.0,False,0.7496107156058001,0.15302774179891704
simplex-6-0,simplex,6,development,independent,False,False,2,C_M,16.0,12.0,False,0.7774652345094553,0.10979277249768786
simplex-6-0,simplex,6,development,joint,False,False,2,C_M,12.0,9.0,False,0.5416691228125163,0.07990753597599158
simplex-6-1,simplex,6,development,independent,False,False,8,C_M,15.0,11.0,False,0.79153472760214,0.10239632989695421
simplex-6-1,simplex,6,development,joint,False,False,8,C_M,4.0,11.0,True,0.496136027885409,0.06948971308061716
simplex-6-2,simplex,6,development,independent,False,False,0,C_M,25.0,9.0,False,1.0,0.1133816910327918
simplex-6-2,simplex,6,development,joint,False,False,0,C_M,8.0,0.0,True,0.724908821993058,0.0787943195282913
simplex-6-3,simplex,6,calibration,independent,False,False,1,C_M,8.0,11.0,True,1.0,0.12451243993040598
simplex-6-3,simplex,6,calibration,joint,False,False,1,C_M,0.0,10.0,True,0.7918619532458961,0.09068051379094284
simplex-6-4,simplex,6,test,independent,False,False,4,C_M,20.0,18.0,False,0.8523118701134423,0.10605504465460547
simplex-6-4,simplex,6,test,joint,False,False,4,C_M,11.0,9.0,False,0.5876640619958411,0.07523584436290282
simplex-6-5,simplex,6,test,independent,False,False,6,C_M,12.0,17.0,False,1.0,0.14721449435618664
simplex-6-5,simplex,6,test,joint,False,False,6,C_M,10.0,17.0,False,1.0,0.12129744168124065
simplex-6-6,simplex,6,test,independent,False,False,9,C_25,13.0,9.0,False,1.0,0.16541957926220469
simplex-6-6,simplex,6,test,joint,False,False,9,C_25,12.0,4.0,False,1.0,0.1342261669851269
simplex-6-7,simplex,6,test,independent,False,False,8,C_M,20.0,6.0,False,0.8007725670353736,0.10555118239831685
simplex-6-7,simplex,6,test,joint,False,False,8,C_M,8.0,0.0,False,0.5184462703744481,0.07320726929176927
simplex-10-0,simplex,10,development,independent,False,False,0,C_M,13.0,4.0,False,0.9137167181444275,0.08463722761295832
simplex-10-0,simplex,10,development,joint,False,False,0,C_M,5.0,0.0,True,0.7144643339266863,0.06188879269496092
simplex-10-1,simplex,10,development,independent,False,False,8,C_M,11.0,6.0,False,1.0,0.10078222979883407
simplex-10-1,simplex,10,development,joint,False,False,8,C_M,0.0,6.0,True,0.9824204981735454,0.08029975404319784
simplex-10-2,simplex,10,development,independent,False,False,2,C_M,11.0,5.0,False,1.0,0.10834129027976216
simplex-10-2,simplex,10,development,joint,False,False,2,C_M,11.0,0.0,False,0.9962327360310536,0.08203712933611913
simplex-10-3,simplex,10,calibration,independent,False,False,5,C_M,15.0,10.0,False,1.0,0.09793043841557504
simplex-10-3,simplex,10,calibration,joint,False,False,5,C_M,6.0,0.0,False,0.9122471573812216,0.07344729872395434
simplex-10-4,simplex,10,test,independent,False,False,2,C_M,10.0,9.0,False,1.0,0.10894645127790543
simplex-10-4,simplex,10,test,joint,False,False,2,C_M,10.0,0.0,False,1.0,0.09271027392092566
simplex-10-5,simplex,10,test,independent,False,False,2,C_M,8.0,6.0,False,1.0,0.11066997404659094
simplex-10-5,simplex,10,test,joint,False,False,2,C_M,0.0,0.0,True,0.9880098298198469,0.08434992987620434
simplex-10-6,simplex,10,test,independent,False,False,1,C_M,5.0,0.0,True,1.0,0.09305858201121846
simplex-10-6,simplex,10,test,joint,False,False,1,C_M,0.0,0.0,True,0.6622308153494099,0.06355961438463681
simplex-10-7,simplex,10,test,independent,False,False,5,C_M,10.0,5.0,False,1.0,0.108075925106723
simplex-10-7,simplex,10,test,joint,False,False,5,C_M,7.0,0.0,False,0.9938820531937368,0.08165494831294277
spherical-3-0,spherical,3,development,independent,False,False,6,C_25,13.0,14.0,False,0.7428980647247184,0.1679890789739818
spherical-3-0,spherical,3,development,joint,False,False,6,C_25,6.0,14.0,False,0.502896369166171,0.1213980374081227
spherical-3-1,spherical,3,development,independent,False,False,0,T_25,0.19606532968986073,0.1987343276355027,False,0.8110639166910047,0.1778562261019811
spherical-3-1,spherical,3,development,joint,False,False,0,T_25,0.16262888975668743,0.17289839614853902,False,0.5597414075490463,0.13190081773134796
spherical-3-2,spherical,3,development,independent,False,False,6,C_M,8.0,7.0,False,1.0,0.28492166702098987
spherical-3-2,spherical,3,development,joint,False,False,6,C_M,8.0,7.0,False,1.0,0.25410701465866303
spherical-3-3,spherical,3,calibration,independent,False,False,3,C_M,5.0,19.0,False,0.9427602813054266,0.17025050394431596
spherical-3-3,spherical,3,calibration,joint,False,False,3,C_M,4.0,19.0,False,0.69761886987709,0.12369763253417525
spherical-3-4,spherical,3,test,independent,False,False,9,C_M,10.0,8.0,False,0.865482876845612,0.1995992919961387
spherical-3-4,spherical,3,test,joint,False,False,9,C_M,0.0,8.0,True,0.5788248958668667,0.14365710545923
spherical-3-5,spherical,3,test,independent,False,False,7,C_M,6.0,19.0,False,0.5242677546706087,0.13577156374289967
spherical-3-5,spherical,3,test,joint,False,False,7,C_M,0.0,15.0,False,0.31158827592686017,0.08855035253531389
spherical-3-6,spherical,3,test,independent,False,False,1,C_M,10.0,9.0,False,0.9104043459315544,0.20462066916800134
spherical-3-6,spherical,3,test,joint,False,False,1,C_M,10.0,9.0,False,0.62341937263709,0.14815522995766092
spherical-3-7,spherical,3,test,independent,False,False,8,C_M,8.0,0.0,False,0.6052148000040865,0.15550152475588033
spherical-3-7,spherical,3,test,joint,False,False,8,C_M,1.0,0.0,True,0.3713707646271729,0.10255351965239305
spherical-6-0,spherical,6,development,independent,False,False,4,C_M,5.0,2.0,True,0.9931740584577516,0.14987342518888383
spherical-6-0,spherical,6,development,joint,False,False,4,C_M,0.0,2.0,True,0.6683123378386194,0.10569448199378166
spherical-6-1,spherical,6,development,independent,False,False,1,C_M,7.0,6.0,False,0.8643001332214578,0.1421986822684455
spherical-6-1,spherical,6,development,joint,False,False,1,C_M,0.0,6.0,True,0.5957383515372046,0.1024024160746461
spherical-6-2,spherical,6,development,independent,False,False,5,C_M,6.0,2.0,False,1.0,0.17236205495483753
spherical-6-2,spherical,6,development,joint,False,False,5,C_M,0.0,0.0,True,0.8335088854769992,0.12848217181000401
spherical-6-3,spherical,6,calibration,independent,False,False,9,C_M,7.0,6.0,False,1.0,0.14134604706458803
spherical-6-3,spherical,6,calibration,joint,False,False,9,C_M,0.0,0.0,True,0.7459080543416389,0.10078472164366101
spherical-6-4,spherical,6,test,independent,False,False,7,C_M,9.0,4.0,False,1.0,0.1500137428617247
spherical-6-4,spherical,6,test,joint,False,False,7,C_M,9.0,4.0,False,0.6701887846134944,0.10773924042117733
spherical-6-5,spherical,6,test,independent,False,False,3,C_M,11.0,7.0,False,1.0,0.14596445160044857
spherical-6-5,spherical,6,test,joint,False,False,3,C_M,11.0,4.0,False,0.8176986313908341,0.107968353023484
spherical-6-6,spherical,6,test,independent,False,False,1,C_M,7.0,4.0,False,0.9426593291281996,0.1353151359024402
spherical-6-6,spherical,6,test,joint,False,False,1,C_M,7.0,4.0,False,0.6890296784110516,0.09796341812234945
spherical-6-7,spherical,6,test,independent,False,False,0,C_M,9.0,7.0,False,1.0,0.1559419097371732
spherical-6-7,spherical,6,test,joint,False,False,0,C_M,9.0,7.0,False,0.750327983436477,0.11013895613906569
spherical-10-0,spherical,10,development,independent,False,False,7,C_M,2.0,0.0,False,1.0,0.11735855319980121
spherical-10-0,spherical,10,development,joint,False,False,7,C_M,2.0,0.0,False,0.948423949010905,0.09417792203409621
spherical-10-1,spherical,10,development,independent,False,False,5,C_M,6.0,2.0,False,1.0,0.12486874240418737
spherical-10-1,spherical,10,development,joint,False,False,5,C_M,6.0,2.0,False,1.0,0.10608962126592104
spherical-10-2,spherical,10,development,independent,False,False,4,C_M,2.0,5.0,False,1.0,0.13047089298594267
spherical-10-2,spherical,10,development,joint,False,False,4,C_M,2.0,5.0,False,1.0,0.10281016808549093
spherical-10-3,spherical,10,calibration,independent,False,False,7,C_M,1.0,9.0,False,1.0,0.10942476682456714
spherical-10-3,spherical,10,calibration,joint,False,False,7,C_M,1.0,9.0,False,1.0,0.0930107364864166
spherical-10-4,spherical,10,test,independent,False,False,3,C_M,11.0,6.0,False,1.0,0.10346515802203173
spherical-10-4,spherical,10,test,joint,False,False,3,C_M,11.0,6.0,False,0.9471803447680831,0.07765885031681392
spherical-10-5,spherical,10,test,independent,False,False,3,C_M,4.0,1.0,False,0.9075588332003466,0.11035415277356359
spherical-10-5,spherical,10,test,joint,False,False,3,C_M,4.0,1.0,False,0.8372419074126891,0.08477958903687573
spherical-10-6,spherical,10,test,independent,False,False,7,C_100,8.0,4.0,False,0.924049509431692,0.10002016137084337
spherical-10-6,spherical,10,test,joint,False,False,7,C_100,5.0,3.0,False,0.6225924489169383,0.07117883621473542
spherical-10-7,spherical,10,test,independent,False,False,0,C_M,6.0,3.0,False,1.0,0.09448107364923196
spherical-10-7,spherical,10,test,joint,False,False,0,C_M,6.0,0.0,False,0.7573532676469901,0.06949167463000959
convex-3-0,convex,3,development,independent,False,False,7,C_M,0.0,0.0,True,0.6381155371915374,0.11794497664133466
convex-3-0,convex,3,development,joint,False,False,7,C_M,0.0,0.0,True,0.39744979120818336,0.08042481104563894
convex-3-1,convex,3,development,independent,False,False,5,C_M,1.0,0.0,True,0.6598994803483327,0.12296169122235849
convex-3-1,convex,3,development,joint,False,False,5,C_M,0.0,0.0,True,0.4083955876780427,0.08447242734974164
convex-3-2,convex,3,development,independent,False,False,6,C_M,2.0,4.0,True,0.6441464824355277,0.12548077050674764
convex-3-2,convex,3,development,joint,False,False,6,C_M,0.0,0.0,True,0.4475315561651816,0.09098018809007531
convex-3-3,convex,3,calibration,independent,False,False,6,C_M,0.0,4.0,True,0.7618511430026539,0.13519920013957093
convex-3-3,convex,3,calibration,joint,False,False,6,C_M,0.0,0.0,True,0.47360869227826574,0.09497173560562726
convex-3-4,convex,3,test,independent,False,False,1,C_M,0.0,13.0,True,0.6599884998452303,0.13535760330041977
convex-3-4,convex,3,test,joint,False,False,1,C_M,0.0,5.0,True,0.4325989918435378,0.09473471264031269
convex-3-5,convex,3,test,independent,False,False,6,C_M,0.0,17.0,True,0.7426289514474473,0.13389041672561905
convex-3-5,convex,3,test,joint,False,False,6,C_M,0.0,8.0,True,0.4765436657875343,0.09581708052384175
convex-3-6,convex,3,test,independent,False,False,6,C_M,3.0,3.0,False,0.7081046359882743,0.11973189770833546
convex-3-6,convex,3,test,joint,False,False,6,C_M,0.0,0.0,True,0.4890698592331211,0.08409907105006137
convex-3-7,convex,3,test,independent,False,False,3,C_M,1.0,11.0,True,0.650238012157713,0.13225180618562718
convex-3-7,convex,3,test,joint,False,False,3,C_M,0.0,3.0,True,0.4773732760596738,0.09570408135507065
convex-6-0,convex,6,development,independent,False,False,6,C_M,3.0,5.0,False,0.7309401849146511,0.09544333670921346
convex-6-0,convex,6,development,joint,False,False,6,C_M,0.0,0.0,True,0.44912799438788464,0.06815258929680656
convex-6-1,convex,6,development,independent,False,False,3,C_M,0.0,0.0,True,0.5298499913248631,0.07040628482315213
convex-6-1,convex,6,development,joint,False,False,3,C_M,0.0,0.0,True,0.33784412218500054,0.04821033422672107
convex-6-2,convex,6,development,independent,False,False,3,C_M,0.0,15.0,True,0.7598488191812749,0.09973548337249546
convex-6-2,convex,6,development,joint,False,False,3,C_M,0.0,4.0,True,0.5135021589592181,0.07011222037274246
convex-6-3,convex,6,calibration,independent,False,False,5,C_M,0.0,0.0,True,0.7584085842047665,0.09434915844486527
convex-6-3,convex,6,calibration,joint,False,False,5,C_M,0.0,0.0,True,0.48628281094446824,0.06459322388172
convex-6-4,convex,6,test,independent,False,False,4,C_M,0.0,3.0,True,0.6553222493486853,0.08233161042818865
convex-6-4,convex,6,test,joint,False,False,4,C_M,0.0,0.0,True,0.42224396186637936,0.0568726749064397
convex-6-5,convex,6,test,independent,False,False,0,C_M,0.0,16.0,True,0.9851843080393469,0.12021591365111813
convex-6-5,convex,6,test,joint,False,False,0,C_M,0.0,0.0,True,0.6620778920404742,0.08385486077327776
convex-6-6,convex,6,test,independent,False,False,2,C_M,23.0,0.0,False,1.0,0.12238803800731328
convex-6-6,convex,6,test,joint,False,False,2,C_M,6.0,0.0,True,0.7682062813350342,0.08779972693894489
convex-6-7,convex,6,test,independent,False,False,8,C_M,11.0,0.0,False,0.8147477579650304,0.11419945577203112
convex-6-7,convex,6,test,joint,False,False,8,C_M,0.0,0.0,True,0.5734852836037585,0.08086925275224577
convex-10-0,convex,10,development,independent,False,False,7,C_50,7.0,10.0,False,0.779241576170219,0.09995815290094229
convex-10-0,convex,10,development,joint,False,False,7,C_50,4.0,6.0,False,0.4952804876094027,0.07094455045230337
convex-10-1,convex,10,development,independent,False,False,4,C_M,0.0,0.0,True,0.5474017307089963,0.049543956383031905
convex-10-1,convex,10,development,joint,False,False,4,C_M,0.0,0.0,True,0.3635913539867932,0.035167030947926274
convex-10-2,convex,10,development,independent,False,False,2,C_M,15.0,0.0,True,1.0,0.0800729975994918
convex-10-2,convex,10,development,joint,False,False,2,C_M,0.0,0.0,True,0.8519855463346271,0.05870350258103539
convex-10-3,convex,10,calibration,independent,False,False,1,C_M,0.0,4.0,True,0.6326741510539206,0.05309790205859028
convex-10-3,convex,10,calibration,joint,False,False,1,C_M,0.0,0.0,True,0.4258608056710672,0.0374467709541373
convex-10-4,convex,10,test,independent,False,False,7,C_M,0.0,21.0,True,0.7300726228637964,0.0602412536076583
convex-10-4,convex,10,test,joint,False,False,7,C_M,0.0,13.0,True,0.47003031703224796,0.040537865181446045
convex-10-5,convex,10,test,independent,False,False,9,C_M,0.0,8.0,True,0.6871306703335659,0.05579033288310688
convex-10-5,convex,10,test,joint,False,False,9,C_M,0.0,0.0,True,0.4354352121851355,0.03742520163479268
convex-10-6,convex,10,test,independent,False,False,4,C_M,0.0,1.0,True,0.8439020668374243,0.0676849702855364
convex-10-6,convex,10,test,joint,False,False,4,C_M,0.0,0.0,True,0.5459703412962007,0.047217461432793165
convex-10-7,convex,10,test,independent,False,False,2,C_M,0.0,1.0,True,0.7951060948118915,0.10483512716952685
convex-10-7,convex,10,test,joint,False,False,2,C_M,0.0,1.0,True,0.7085152296483836,0.0752804351567292
disconnected-3-0,disconnected,3,development,independent,False,False,9,C_50,8.0,8.0,False,0.5581039632379886,0.12480349713126238
disconnected-3-0,disconnected,3,development,joint,False,False,9,C_50,5.0,5.0,False,0.3257707204831727,0.08481150950443261
disconnected-3-1,disconnected,3,development,independent,False,False,7,C_M,0.0,3.0,True,0.5290225990376762,0.1352359164751678
disconnected-3-1,disconnected,3,development,joint,False,False,7,C_M,0.0,0.0,True,0.3129342062151541,0.09048954844978083
disconnected-3-2,disconnected,3,development,independent,False,False,7,C_M,0.0,0.0,True,0.5409787236193623,0.13282221480073741
disconnected-3-2,disconnected,3,development,joint,False,False,7,C_M,0.0,0.0,True,0.34385765023245524,0.09308097461521697
disconnected-3-3,disconnected,3,calibration,independent,False,False,3,C_M,0.0,0.0,True,0.39763025877991925,0.10304874625544751
disconnected-3-3,disconnected,3,calibration,joint,False,False,3,C_M,0.0,0.0,True,0.24018597657159235,0.06498850486822737
disconnected-3-4,disconnected,3,test,independent,False,False,2,C_25,2.0,4.0,False,0.6208251016317083,0.13923176130146647
disconnected-3-4,disconnected,3,test,joint,False,False,2,C_25,2.0,3.0,False,0.4051890062258902,0.09718528232056338
disconnected-3-5,disconnected,3,test,independent,False,False,5,C_M,0.0,8.0,True,0.49858175796908927,0.12335599393041731
disconnected-3-5,disconnected,3,test,joint,False,False,5,C_M,0.0,1.0,True,0.2866133227369473,0.07953736769173854
disconnected-3-6,disconnected,3,test,independent,False,False,9,C_50,3.0,4.0,False,0.39524536812869127,0.10719115392084788
disconnected-3-6,disconnected,3,test,joint,False,False,9,C_50,3.0,3.0,False,0.26329168954210036,0.0811473688378455
disconnected-3-7,disconnected,3,test,independent,False,False,7,C_M,0.0,0.0,True,0.3790066799161119,0.10477839115682068
disconnected-3-7,disconnected,3,test,joint,False,False,7,C_M,0.0,0.0,True,0.22561973779347877,0.06552995333623861
disconnected-6-0,disconnected,6,development,independent,False,False,6,C_M,5.0,0.0,False,0.6156778623137865,0.09667554586658757
disconnected-6-0,disconnected,6,development,joint,False,False,6,C_M,0.0,0.0,True,0.38331083027644103,0.066619630440558
disconnected-6-1,disconnected,6,development,independent,False,False,9,C_M,0.0,10.0,True,0.6983027508798285,0.099314353955029
disconnected-6-1,disconnected,6,development,joint,False,False,9,C_M,0.0,3.0,True,0.42489634263843357,0.06612309102967281
disconnected-6-2,disconnected,6,development,independent,False,False,1,C_M,0.0,7.0,True,0.8677976484196886,0.13054127278569078
disconnected-6-2,disconnected,6,development,joint,False,False,1,C_M,0.0,7.0,True,0.5860082290142934,0.09506376975684808
disconnected-6-3,disconnected,6,calibration,independent,False,False,7,C_M,0.0,3.0,True,0.4896379596888053,0.08709207688327038
disconnected-6-3,disconnected,6,calibration,joint,False,False,7,C_M,0.0,0.0,True,0.2932993756499874,0.05653348366229875
disconnected-6-4,disconnected,6,test,independent,False,False,4,C_M,0.0,1.0,True,0.8937341990323445,0.13532873724924704
disconnected-6-4,disconnected,6,test,joint,False,False,4,C_M,0.0,1.0,True,0.6733024634908713,0.09493615488569832
disconnected-6-5,disconnected,6,test,independent,False,False,5,C_M,0.0,0.0,True,0.5379887628369109,0.08808009454788543
disconnected-6-5,disconnected,6,test,joint,False,False,5,C_M,0.0,0.0,True,0.31495428392311786,0.05789042299986047
disconnected-6-6,disconnected,6,test,independent,False,False,1,C_M,0.0,0.0,True,0.5661480147579465,0.09504207320534455
disconnected-6-6,disconnected,6,test,joint,False,False,1,C_M,0.0,0.0,True,0.3745023719704087,0.06792277310001872
disconnected-6-7,disconnected,6,test,independent,False,False,9,C_M,9.0,7.0,False,0.655538232630131,0.10990283000170223
disconnected-6-7,disconnected,6,test,joint,False,False,9,C_M,0.0,0.0,True,0.39489761602023804,0.07289873856168257
disconnected-10-0,disconnected,10,development,independent,False,False,0,C_M,6.0,4.0,False,0.9727630521210533,0.1073037828823997
disconnected-10-0,disconnected,10,development,joint,False,False,0,C_M,6.0,4.0,False,0.6530343419024794,0.078253432988523
disconnected-10-1,disconnected,10,development,independent,False,False,7,C_M,2.0,0.0,False,1.0,0.12755643305467482
disconnected-10-1,disconnected,10,development,joint,False,False,7,C_M,0.0,0.0,True,1.0,0.1056454086773839
disconnected-10-2,disconnected,10,development,independent,False,False,3,C_M,0.0,0.0,True,0.6168800956607156,0.06736096233701062
disconnected-10-2,disconnected,10,development,joint,False,False,3,C_M,0.0,0.0,True,0.3862654539769595,0.0460903998684183
disconnected-10-3,disconnected,10,calibration,independent,False,False,4,C_M,3.0,1.0,False,1.0,0.10621499450897774
disconnected-10-3,disconnected,10,calibration,joint,False,False,4,C_M,0.0,1.0,True,0.9468133302795406,0.07655304647777834
disconnected-10-4,disconnected,10,test,independent,False,False,8,C_M,3.0,0.0,False,1.0,0.10615746445275906
disconnected-10-4,disconnected,10,test,joint,False,False,8,C_M,0.0,0.0,True,0.8398099700684754,0.07857213103861896
disconnected-10-5,disconnected,10,test,independent,False,False,9,C_M,0.0,4.0,True,0.8565103426433794,0.08365059470495922
disconnected-10-5,disconnected,10,test,joint,False,False,9,C_M,0.0,4.0,True,0.5850364955173719,0.05793692492125746
disconnected-10-6,disconnected,10,test,independent,False,False,7,C_25,0.0,0.0,True,1.0,0.0916170827236938
disconnected-10-6,disconnected,10,test,joint,False,False,7,C_25,0.0,0.0,True,0.6874237305613478,0.06544921650082287
disconnected-10-7,disconnected,10,test,independent,False,False,3,C_M,6.0,1.0,False,0.9841164652492663,0.1085187037833518
disconnected-10-7,disconnected,10,test,joint,False,False,3,C_M,6.0,1.0,False,0.7101234192634216,0.07933545978240929
correlated-3-0,correlated,3,development,independent,False,False,8,C_M,0.0,0.0,True,0.29075757574521355,0.06734991914337121
correlated-3-0,correlated,3,development,joint,False,False,8,C_M,0.0,0.0,True,0.16471241606621123,0.046957302228502716
correlated-3-1,correlated,3,development,independent,False,False,0,C_M,0.0,0.0,True,0.2098191853210255,0.058364933096406946
correlated-3-1,correlated,3,development,joint,False,False,0,C_M,0.0,0.0,True,0.1152242852142139,0.03807202157344116
correlated-3-2,correlated,3,development,independent,True,,,,,,,,
correlated-3-2,correlated,3,development,joint,True,,,,,,,,
correlated-3-3,correlated,3,calibration,independent,True,,,,,,,,
correlated-3-3,correlated,3,calibration,joint,True,,,,,,,,
correlated-3-4,correlated,3,test,independent,False,False,8,C_M,0.0,0.0,True,0.2844781559698437,0.07476264469971668
correlated-3-4,correlated,3,test,joint,False,False,8,C_M,0.0,0.0,True,0.15404920556624174,0.04800672643258158
correlated-3-5,correlated,3,test,independent,False,False,3,C_M,0.0,0.0,True,0.259681457884111,0.06510608402533542
correlated-3-5,correlated,3,test,joint,False,False,3,C_M,0.0,0.0,True,0.146367170283489,0.041947452681343825
correlated-3-6,correlated,3,test,independent,False,False,0,C_M,0.0,0.0,True,0.22125725117319828,0.06035905031399419
correlated-3-6,correlated,3,test,joint,False,False,0,C_M,0.0,0.0,True,0.13302870379711396,0.04076621973901777
correlated-3-7,correlated,3,test,independent,False,False,5,C_M,0.0,0.0,True,0.25668698209840823,0.07036879271534249
correlated-3-7,correlated,3,test,joint,False,False,5,C_M,0.0,0.0,True,0.14690066099412247,0.04927253600020167
correlated-6-0,correlated,6,development,independent,True,,,,,,,,
correlated-6-0,correlated,6,development,joint,True,,,,,,,,
correlated-6-1,correlated,6,development,independent,False,False,3,C_M,0.0,0.0,True,0.43260026671708307,0.06792867648662684
correlated-6-1,correlated,6,development,joint,False,False,3,C_M,0.0,0.0,True,0.2480352542609393,0.0437307984535949
correlated-6-2,correlated,6,development,independent,True,,,,,,,,
correlated-6-2,correlated,6,development,joint,True,,,,,,,,
correlated-6-3,correlated,6,calibration,independent,True,,,,,,,,
correlated-6-3,correlated,6,calibration,joint,True,,,,,,,,
correlated-6-4,correlated,6,test,independent,True,,,,,,,,
correlated-6-4,correlated,6,test,joint,True,,,,,,,,
correlated-6-5,correlated,6,test,independent,False,False,8,C_M,0.0,0.0,True,0.3299658200625959,0.053262663393523535
correlated-6-5,correlated,6,test,joint,False,False,8,C_M,0.0,0.0,True,0.20642042959619333,0.03558727939241439
correlated-6-6,correlated,6,test,independent,False,False,4,C_M,0.0,0.0,True,0.3245287410989123,0.049820527658794286
correlated-6-6,correlated,6,test,joint,False,False,4,C_M,0.0,0.0,True,0.18093936792363907,0.030803515000072272
correlated-6-7,correlated,6,test,independent,True,,,,,,,,
correlated-6-7,correlated,6,test,joint,True,,,,,,,,
correlated-10-0,correlated,10,development,independent,True,,,,,,,,
correlated-10-0,correlated,10,development,joint,True,,,,,,,,
correlated-10-1,correlated,10,development,independent,True,,,,,,,,
correlated-10-1,correlated,10,development,joint,True,,,,,,,,
correlated-10-2,correlated,10,development,independent,True,,,,,,,,
correlated-10-2,correlated,10,development,joint,True,,,,,,,,
correlated-10-3,correlated,10,calibration,independent,True,,,,,,,,
correlated-10-3,correlated,10,calibration,joint,True,,,,,,,,
correlated-10-4,correlated,10,test,independent,True,,,,,,,,
correlated-10-4,correlated,10,test,joint,True,,,,,,,,
correlated-10-5,correlated,10,test,independent,False,False,9,C_M,0.0,0.0,True,0.7539278302350594,0.06425723396358955
correlated-10-5,correlated,10,test,joint,False,False,9,C_M,0.0,0.0,True,0.468349822380555,0.044188221216647575
correlated-10-6,correlated,10,test,independent,False,False,5,C_M,0.0,0.0,True,0.47122860970934927,0.04651387082572412
correlated-10-6,correlated,10,test,joint,False,False,5,C_M,0.0,0.0,True,0.27549978792741125,0.031323189252732954
correlated-10-7,correlated,10,test,independent,False,False,8,C_M,0.0,8.0,True,0.6956152280327746,0.0689214328007183
correlated-10-7,correlated,10,test,joint,False,False,8,C_M,0.0,8.0,True,0.4227390150615865,0.04594461930907488
asymmetric-3-0,asymmetric,3,development,independent,False,False,4,C_M,15.0,10.0,False,0.6113439400222485,0.1454144632031511
asymmetric-3-0,asymmetric,3,development,joint,False,False,4,C_M,15.0,10.0,False,0.36128026955083675,0.098394268643027
asymmetric-3-1,asymmetric,3,development,independent,False,False,4,C_M,8.0,5.0,False,1.0,0.20492567623963803
asymmetric-3-1,asymmetric,3,development,joint,False,False,4,C_M,8.0,4.0,False,0.8176108777672477,0.1541383018704293
asymmetric-3-2,asymmetric,3,development,independent,False,False,2,C_M,15.0,14.0,False,0.5386051507565257,0.13268365409368651
asymmetric-3-2,asymmetric,3,development,joint,False,False,2,C_M,8.0,14.0,False,0.3242654935467928,0.08812958571040522
asymmetric-3-3,asymmetric,3,calibration,independent,False,False,4,C_M,9.0,9.0,False,0.922650414971335,0.18574025083724932
asymmetric-3-3,asymmetric,3,calibration,joint,False,False,4,C_M,9.0,9.0,False,0.6473487566154832,0.13487872715913432
asymmetric-3-4,asymmetric,3,test,independent,False,False,4,C_M,8.0,7.0,False,0.6129036551212657,0.14324547972942164
asymmetric-3-4,asymmetric,3,test,joint,False,False,4,C_M,0.0,4.0,True,0.3640882083267075,0.09623663385381874
asymmetric-3-5,asymmetric,3,test,independent,False,False,7,C_M,10.0,14.0,False,0.5626561966336314,0.13910875862668207
asymmetric-3-5,asymmetric,3,test,joint,False,False,7,C_M,2.0,9.0,False,0.3497138467122699,0.09648160913160884
asymmetric-3-6,asymmetric,3,test,independent,False,False,5,C_25,3.0,6.0,False,0.5753242415226733,0.15736170295881322
asymmetric-3-6,asymmetric,3,test,joint,False,False,5,C_25,1.0,2.0,True,0.3978698251985474,0.1074215413535916
asymmetric-3-7,asymmetric,3,test,independent,False,False,9,C_M,8.0,6.0,False,0.8691047638874464,0.21380080775199464
asymmetric-3-7,asymmetric,3,test,joint,False,False,9,C_M,8.0,6.0,False,0.6842068620546571,0.15808659135040293
asymmetric-6-0,asymmetric,6,development,independent,False,False,1,C_M,8.0,4.0,False,0.9788763321238932,0.1501374215379056
asymmetric-6-0,asymmetric,6,development,joint,False,False,1,C_M,2.0,4.0,True,0.6749958470102361,0.10768599199502268
asymmetric-6-1,asymmetric,6,development,independent,False,False,3,C_M,9.0,5.0,False,0.7484742910033702,0.12626865891213093
asymmetric-6-1,asymmetric,6,development,joint,False,False,3,C_M,0.0,5.0,True,0.5006449544463482,0.08644724090862671
asymmetric-6-2,asymmetric,6,development,independent,False,False,8,C_M,10.0,11.0,False,1.0,0.14378324104510423
asymmetric-6-2,asymmetric,6,development,joint,False,False,8,C_M,10.0,11.0,False,0.7432093258189351,0.1025367862520498
asymmetric-6-3,asymmetric,6,calibration,independent,False,False,4,C_50,4.0,3.0,False,1.0,0.17415109330905865
asymmetric-6-3,asymmetric,6,calibration,joint,False,False,4,C_50,4.0,3.0,False,1.0,0.14274187501741384
asymmetric-6-4,asymmetric,6,test,independent,False,False,8,C_M,3.0,1.0,False,1.0,0.21162960175988138
asymmetric-6-4,asymmetric,6,test,joint,False,False,8,C_M,3.0,1.0,False,0.9732640341703045,0.17220151524610708
asymmetric-6-5,asymmetric,6,test,independent,False,False,2,C_M,8.0,7.0,False,1.0,0.15490771315612145
asymmetric-6-5,asymmetric,6,test,joint,False,False,2,C_M,3.0,7.0,False,0.7870410788810048,0.12187089072613619
asymmetric-6-6,asymmetric,6,test,independent,False,False,2,C_M,8.0,3.0,False,0.7484437662861523,0.12378547987608142
asymmetric-6-6,asymmetric,6,test,joint,False,False,2,C_M,8.0,0.0,False,0.4794065922025637,0.08749182166262705
asymmetric-6-7,asymmetric,6,test,independent,False,False,2,C_M,8.0,6.0,False,0.9708182460820916,0.1442633941168394
asymmetric-6-7,asymmetric,6,test,joint,False,False,2,C_M,2.0,0.0,False,0.6546641451180875,0.10136347107292457
asymmetric-10-0,asymmetric,10,development,independent,False,False,5,C_M,9.0,4.0,False,1.0,0.11039869297464623
asymmetric-10-0,asymmetric,10,development,joint,False,False,5,C_M,9.0,0.0,False,1.0,0.09152358088267092
asymmetric-10-1,asymmetric,10,development,independent,False,False,4,C_M,4.0,3.0,False,1.0,0.12485495970490677
asymmetric-10-1,asymmetric,10,development,joint,False,False,4,C_M,4.0,0.0,False,0.8099843736137111,0.09122779435211133
asymmetric-10-2,asymmetric,10,development,independent,False,False,3,C_M,3.0,2.0,False,1.0,0.14667243320397508
asymmetric-10-2,asymmetric,10,development,joint,False,False,3,C_M,3.0,2.0,False,1.0,0.12285505866105272
asymmetric-10-3,asymmetric,10,calibration,independent,False,False,5,C_M,5.0,1.0,False,1.0,0.13035010368358269
asymmetric-10-3,asymmetric,10,calibration,joint,False,False,5,C_M,5.0,1.0,False,1.0,0.11416246877764405
asymmetric-10-4,asymmetric,10,test,independent,False,False,0,C_M,4.0,8.0,False,1.0,0.11444599850438156
asymmetric-10-4,asymmetric,10,test,joint,False,False,0,C_M,4.0,8.0,False,1.0,0.09084132325166258
asymmetric-10-5,asymmetric,10,test,independent,False,False,4,C_25,7.0,5.0,False,1.0,0.12244382829648265
asymmetric-10-5,asymmetric,10,test,joint,False,False,4,C_25,0.0,0.0,True,0.6811081359277111,0.09026093130907446
asymmetric-10-6,asymmetric,10,test,independent,False,False,8,C_M,7.0,3.0,False,1.0,0.10675383020807001
asymmetric-10-6,asymmetric,10,test,joint,False,False,8,C_M,7.0,3.0,False,0.8794202033149889,0.07678668740678041
asymmetric-10-7,asymmetric,10,test,independent,False,False,2,C_M,5.0,1.0,False,0.9281153677355767,0.11103690724451258
asymmetric-10-7,asymmetric,10,test,joint,False,False,2,C_M,5.0,1.0,False,0.7216939591842221,0.08563858941215209
narrow-3-0,narrow,3,stress,independent,False,False,4,C_M,16.0,0.0,False,0.6998213897407577,0.14535293874474206
narrow-3-0,narrow,3,stress,joint,False,False,4,C_M,8.0,0.0,False,0.4616952642543847,0.10369715367567484
narrow-3-1,narrow,3,stress,independent,False,False,1,C_M,16.0,12.0,False,0.6846928055474188,0.14118946237038352
narrow-3-1,narrow,3,stress,joint,False,False,1,C_M,16.0,12.0,False,0.47025513095311755,0.10020288515726172
narrow-3-2,narrow,3,stress,independent,False,False,4,C_M,6.0,14.0,False,0.5799353145179458,0.1422326405382601
narrow-3-2,narrow,3,stress,joint,False,False,4,C_M,0.0,12.0,False,0.3404592853692813,0.09359874507500304
narrow-3-3,narrow,3,stress,independent,False,False,6,C_M,12.0,12.0,False,0.8476836535541993,0.19358408681227018
narrow-3-3,narrow,3,stress,joint,False,False,6,C_M,6.0,12.0,False,0.5480014683203669,0.13306421099976817
narrow-3-4,narrow,3,stress,independent,False,False,5,C_50,8.0,7.0,False,0.48973361649451075,0.13096920363786155
narrow-3-4,narrow,3,stress,joint,False,False,5,C_50,5.0,4.0,False,0.28176762650939524,0.08700941500336229
narrow-3-5,narrow,3,stress,independent,False,False,3,C_M,11.0,5.0,False,0.7985655879277219,0.1733927240976658
narrow-3-5,narrow,3,stress,joint,False,False,3,C_M,0.0,0.0,True,0.505234541945853,0.11737327000064003
narrow-3-6,narrow,3,stress,independent,False,False,0,C_M,13.0,1.0,False,0.7166090021724609,0.1629748421418179
narrow-3-6,narrow,3,stress,joint,False,False,0,C_M,12.0,0.0,False,0.47309398784104406,0.11083291611740892
narrow-3-7,narrow,3,stress,independent,False,False,6,C_M,3.0,18.0,False,0.6336691428269338,0.12687857538985214
narrow-3-7,narrow,3,stress,joint,False,False,6,C_M,0.0,18.0,False,0.42132222668814057,0.08765295608467938
narrow-6-0,narrow,6,stress,independent,False,False,4,C_M,7.0,0.0,False,0.8117571661991854,0.1407905845489625
narrow-6-0,narrow,6,stress,joint,False,False,4,C_M,1.0,0.0,True,0.5512320483730003,0.10294287188236732
narrow-6-1,narrow,6,stress,independent,False,False,6,C_M,4.0,3.0,False,0.8876619980924021,0.13433112001130987
narrow-6-1,narrow,6,stress,joint,False,False,6,C_M,3.0,0.0,False,0.6042363730371493,0.09522162658397096
narrow-6-2,narrow,6,stress,independent,False,False,3,C_M,13.0,1.0,False,0.875491474924278,0.12138703964751044
narrow-6-2,narrow,6,stress,joint,False,False,3,C_M,13.0,1.0,False,0.603822772889227,0.08875587873833368
narrow-6-3,narrow,6,stress,independent,False,False,1,C_M,7.0,3.0,False,0.8689484011191744,0.1382001940912328
narrow-6-3,narrow,6,stress,joint,False,False,1,C_M,7.0,0.0,False,0.5900201809613397,0.09848012463321437
narrow-6-4,narrow,6,stress,independent,False,False,7,C_M,9.0,5.0,False,0.9714395129368378,0.12442552549451655
narrow-6-4,narrow,6,stress,joint,False,False,7,C_M,9.0,5.0,False,0.6502230101569431,0.09117585966623516
narrow-6-5,narrow,6,stress,independent,False,False,5,C_M,5.0,3.0,False,1.0,0.18256300223264016
narrow-6-5,narrow,6,stress,joint,False,False,5,C_M,5.0,0.0,False,1.0,0.14091840368046815
narrow-6-6,narrow,6,stress,independent,False,False,3,C_M,8.0,10.0,False,0.7428722183961171,0.11539644529090554
narrow-6-6,narrow,6,stress,joint,False,False,3,C_M,0.0,10.0,False,0.459988387577168,0.07996994784220092
narrow-6-7,narrow,6,stress,independent,False,False,5,C_M,7.0,5.0,False,0.8403180205771382,0.1399903342461816
narrow-6-7,narrow,6,stress,joint,False,False,5,C_M,7.0,5.0,False,0.5813793614722422,0.10232180872101018
narrow-10-0,narrow,10,stress,independent,False,False,8,C_M,11.0,7.0,False,1.0,0.09285015161968824
narrow-10-0,narrow,10,stress,joint,False,False,8,C_M,11.0,7.0,False,0.7909063018928616,0.0689099586826488
narrow-10-1,narrow,10,stress,independent,False,False,8,C_M,5.0,4.0,False,1.0,0.11042831915286454
narrow-10-1,narrow,10,stress,joint,False,False,8,C_M,5.0,4.0,False,0.828615952355453,0.08391041807958731
narrow-10-2,narrow,10,stress,independent,False,False,8,C_M,7.0,3.0,False,1.0,0.11391798766889026
narrow-10-2,narrow,10,stress,joint,False,False,8,C_M,7.0,3.0,False,0.9820111050103013,0.08772207139934934
narrow-10-3,narrow,10,stress,independent,False,False,9,C_M,4.0,2.0,False,1.0,0.12342619395524981
narrow-10-3,narrow,10,stress,joint,False,False,9,C_M,0.0,0.0,True,0.8806014013042743,0.09381441036405214
narrow-10-4,narrow,10,stress,independent,False,False,4,C_M,2.0,1.0,False,1.0,0.15882827366683436
narrow-10-4,narrow,10,stress,joint,False,False,4,C_M,0.0,1.0,True,1.0,0.14009831359207103
narrow-10-5,narrow,10,stress,independent,False,False,7,C_M,5.0,2.0,False,1.0,0.12826402495733433
narrow-10-5,narrow,10,stress,joint,False,False,7,C_M,5.0,2.0,False,1.0,0.11019557130115133
narrow-10-6,narrow,10,stress,independent,True,,,,,,,,
narrow-10-6,narrow,10,stress,joint,True,,,,,,,,
narrow-10-7,narrow,10,stress,independent,False,False,5,C_M,7.0,6.0,False,0.8481669982070408,0.09147550150400272
narrow-10-7,narrow,10,stress,joint,False,False,5,C_M,3.0,6.0,False,0.6184042903391394,0.06677170970250221
heavytail-3-0,heavytail,3,stress,independent,False,False,9,C_M,4.0,1.0,False,0.6669417115498458,0.17692054645682617
heavytail-3-0,heavytail,3,stress,joint,False,False,9,C_M,0.0,0.0,True,0.4086447270076876,0.1195745171299108
heavytail-3-1,heavytail,3,stress,independent,False,False,1,C_M,19.0,9.0,False,0.6802603127672141,0.1491890716306853
heavytail-3-1,heavytail,3,stress,joint,False,False,1,C_M,11.0,6.0,False,0.43440914715400547,0.10208126310339775
heavytail-3-2,heavytail,3,stress,independent,False,False,9,C_M,16.0,8.0,False,1.0,0.2333653097110454
heavytail-3-2,heavytail,3,stress,joint,False,False,9,C_M,2.0,8.0,True,0.9311601332033732,0.17834342864882127
heavytail-3-3,heavytail,3,stress,independent,False,False,7,C_M,10.0,0.0,False,0.6939223195691472,0.13539341686116235
heavytail-3-3,heavytail,3,stress,joint,False,False,7,C_M,2.0,0.0,False,0.4399907239091121,0.09582880289692505
heavytail-3-4,heavytail,3,stress,independent,False,False,7,C_M,0.0,13.0,True,0.647430386259221,0.15695381195565386
heavytail-3-4,heavytail,3,stress,joint,False,False,7,C_M,0.0,5.0,True,0.3978423299527736,0.1063961247509484
heavytail-3-5,heavytail,3,stress,independent,False,False,5,C_M,0.0,6.0,True,0.9347899414047077,0.20166142563000275
heavytail-3-5,heavytail,3,stress,joint,False,False,5,C_M,0.0,0.0,True,0.6340475713340381,0.1447887072698615
heavytail-3-6,heavytail,3,stress,independent,False,False,1,C_M,14.0,14.0,False,1.0,0.23094772561463853
heavytail-3-6,heavytail,3,stress,joint,False,False,1,C_M,0.0,7.0,True,0.8376790761261885,0.16257934995895698
heavytail-3-7,heavytail,3,stress,independent,False,False,5,C_M,0.0,10.0,True,0.4127250073339209,0.10285901917280742
heavytail-3-7,heavytail,3,stress,joint,False,False,5,C_M,0.0,5.0,True,0.23211078104324623,0.06317847347695697
heavytail-6-0,heavytail,6,stress,independent,False,False,1,C_M,0.0,0.0,True,0.5426481072748779,0.08684642189164463
heavytail-6-0,heavytail,6,stress,joint,False,False,1,C_M,0.0,0.0,True,0.3376507474369558,0.060156022296023626
heavytail-6-1,heavytail,6,stress,independent,False,False,0,C_25,0.0,4.0,True,1.0,0.13814560466700354
heavytail-6-1,heavytail,6,stress,joint,False,False,0,C_25,0.0,3.0,True,0.690074587979589,0.09730084289711086
heavytail-6-2,heavytail,6,stress,independent,False,False,4,C_M,0.0,8.0,True,0.4152988959748277,0.060238542131170435
heavytail-6-2,heavytail,6,stress,joint,False,False,4,C_M,0.0,7.0,True,0.23523034153504585,0.03729451731905932
heavytail-6-3,heavytail,6,stress,independent,False,False,0,C_M,0.0,11.0,True,0.5691076311276447,0.09496471938232358
heavytail-6-3,heavytail,6,stress,joint,False,False,0,C_M,0.0,11.0,True,0.3435823486838149,0.0640315553028741
heavytail-6-4,heavytail,6,stress,independent,False,False,7,C_M,10.0,0.0,False,0.6388398559075961,0.10507476077271397
heavytail-6-4,heavytail,6,stress,joint,False,False,7,C_M,8.0,0.0,False,0.41953454576874777,0.07493786855370946
heavytail-6-5,heavytail,6,stress,independent,False,False,4,C_M,14.0,13.0,False,0.6445737985480091,0.09827871291661473
heavytail-6-5,heavytail,6,stress,joint,False,False,4,C_M,7.0,10.0,False,0.4241539785884332,0.06979795554032867
heavytail-6-6,heavytail,6,stress,independent,False,False,7,C_M,0.0,0.0,True,0.301953918010349,0.05242174337416443
heavytail-6-6,heavytail,6,stress,joint,False,False,7,C_M,0.0,0.0,True,0.1638296594543931,0.031759525129792646
heavytail-6-7,heavytail,6,stress,independent,False,False,6,C_M,0.0,0.0,True,0.7401082740637486,0.11907311965210172
heavytail-6-7,heavytail,6,stress,joint,False,False,6,C_M,0.0,0.0,True,0.48756550522358477,0.0841707476785241
heavytail-10-0,heavytail,10,stress,independent,False,False,5,C_M,11.0,3.0,False,0.5733032243365472,0.05743945639511181
heavytail-10-0,heavytail,10,stress,joint,False,False,5,C_M,11.0,0.0,False,0.34129490488439296,0.03748574538606223
heavytail-10-1,heavytail,10,stress,independent,False,False,6,T_25,0.0240967184618942,0.02409736281444367,False,0.17162038381329014,0.013686603164968055
heavytail-10-1,heavytail,10,stress,joint,False,False,6,T_25,0.022703769427706137,0.022704364353250947,False,0.0952493773626778,0.008653466642703559
heavytail-10-2,heavytail,10,stress,independent,False,False,0,C_M,0.0,0.0,True,0.22389037129893619,0.02639096371358392
heavytail-10-2,heavytail,10,stress,joint,False,False,0,C_M,0.0,0.0,True,0.12178491104229738,0.015813055243570538
heavytail-10-3,heavytail,10,stress,independent,False,False,9,C_M,0.0,0.0,True,0.4150713190226306,0.04856812301872292
heavytail-10-3,heavytail,10,stress,joint,False,False,9,C_M,0.0,0.0,True,0.2506367715801737,0.0326579504847025
heavytail-10-4,heavytail,10,stress,independent,False,False,3,C_M,11.0,7.0,False,0.7751144999706822,0.0787239794962074
heavytail-10-4,heavytail,10,stress,joint,False,False,3,C_M,2.0,0.0,True,0.4823720922280009,0.05319552680109885
heavytail-10-5,heavytail,10,stress,independent,False,False,2,C_M,0.0,1.0,True,0.5125146106096112,0.059298032843392384
heavytail-10-5,heavytail,10,stress,joint,False,False,2,C_M,0.0,1.0,True,0.33037739278195855,0.040275919361675315
heavytail-10-6,heavytail,10,stress,independent,False,False,7,C_M,0.0,4.0,True,0.39801853028022527,0.04269777649417898
heavytail-10-6,heavytail,10,stress,joint,False,False,7,C_M,0.0,0.0,True,0.22546335920053978,0.026338770322775443
heavytail-10-7,heavytail,10,stress,independent,False,False,1,C_M,0.0,0.0,True,0.7136302235852543,0.07597355655596753
heavytail-10-7,heavytail,10,stress,joint,False,False,1,C_M,0.0,0.0,True,0.48813741057530574,0.05280280148025205
