instance,family,split,rho_lower,witness_level
simplex-3-0,simplex,development,0.039964843750000006,0.4
simplex-3-1,simplex,development,0.001,
simplex-3-2,simplex,development,0.010351562500000001,0.05
simplex-3-3,simplex,calibration,0.001,0.01
simplex-3-4,simplex,test,0.022041015625,
simplex-3-5,simplex,test,0.009572265625000001,0.05
simplex-3-6,simplex,test,0.03450976562500001,0.2
simplex-3-7,simplex,test,0.017365234375000003,0.2
simplex-6-0,simplex,development,0.009572265625000001,0.05
simplex-6-1,simplex,development,0.03684765625,0.4
simplex-6-2,simplex,development,0.03684765625,
simplex-6-3,simplex,calibration,0.050095703125,0.4
simplex-6-4,simplex,test,0.009572265625000001,0.05
simplex-6-5,simplex,test,0.005675781250000001,0.05
simplex-6-6,simplex,test,0.010351562500000001,0.05
simplex-6-7,simplex,test,0.018144531250000002,0.1
simplex-10-0,simplex,development,0.029054687500000002,0.2
simplex-10-1,simplex,development,0.028275390625,0.4
simplex-10-2,simplex,development,0.019703125000000002,0.2
simplex-10-3,simplex,calibration,0.022041015625,0.2
simplex-10-4,simplex,test,0.012689453125000002,0.1
simplex-10-5,simplex,test,0.025937500000000002,0.2
simplex-10-6,simplex,test,0.04931640625,0.4
simplex-10-7,simplex,test,0.021261718750000002,0.1
spherical-3-0,spherical,development,0.0025585937500000005,0.01
spherical-3-1,spherical,development,0.0,0.005
spherical-3-2,spherical,development,0.015027343750000002,0.05
spherical-3-3,spherical,calibration,0.001,0.005
spherical-3-4,spherical,test,0.04619921875000001,0.1
spherical-3-5,spherical,test,0.021261718750000002,0.2
spherical-3-6,spherical,test,0.001,0.02
spherical-3-7,spherical,test,0.044640625,0.2
spherical-6-0,spherical,development,0.051654296875000005,0.2
spherical-6-1,spherical,development,0.026716796875000004,0.1
spherical-6-2,spherical,development,0.039185546875000005,0.1
spherical-6-3,spherical,calibration,0.0017792968750000003,0.01
spherical-6-4,spherical,test,0.008792968750000001,0.1
spherical-6-5,spherical,test,0.012689453125000002,0.1
spherical-6-6,spherical,test,0.004896484375000001,0.05
spherical-6-7,spherical,test,0.014248046875000002,0.1
spherical-10-0,spherical,development,0.0025585937500000005,0.05
spherical-10-1,spherical,development,0.0017792968750000003,0.01
spherical-10-2,spherical,development,0.0017792968750000003,0.1
spherical-10-3,spherical,calibration,0.0,0.005
spherical-10-4,spherical,test,0.004896484375000001,0.05
spherical-10-5,spherical,test,0.019703125000000002,0.2
spherical-10-6,spherical,test,0.0,0.005
spherical-10-7,spherical,test,0.007234375000000001,0.1
convex-3-0,convex,development,0.071916015625,
convex-3-1,convex,development,0.06568164062500001,
convex-3-2,convex,development,0.06334375,
convex-3-3,convex,calibration,0.06801953125000001,
convex-3-4,convex,test,0.08906054687500001,
convex-3-5,convex,test,0.07035742187499999,0.4
convex-3-6,convex,test,0.057888671875000006,0.4
convex-3-7,convex,test,0.060226562500000004,
convex-6-0,convex,development,0.04619921875000001,0.4
convex-6-1,convex,development,0.10075,0.4
convex-6-2,convex,development,0.06490234375000001,
convex-6-3,convex,calibration,0.08048828125000002,
convex-6-4,convex,test,0.05944726562500001,
convex-6-5,convex,test,0.054771484375,
convex-6-6,convex,test,0.026716796875000004,0.2
convex-6-7,convex,test,0.029833984375000004,0.1
convex-10-0,convex,development,0.001,0.005
convex-10-1,convex,development,0.075033203125,
convex-10-2,convex,development,0.05243359375000001,
convex-10-3,convex,calibration,0.08126757812500002,
convex-10-4,convex,test,0.061005859375,
convex-10-5,convex,test,0.082826171875,
convex-10-6,convex,test,0.056330078125,
convex-10-7,convex,test,0.05866796875000001,0.2
disconnected-3-0,disconnected,development,0.009572265625000001,0.1
disconnected-3-1,disconnected,development,0.168548828125,
disconnected-3-2,disconnected,development,0.15608007812500002,
disconnected-3-3,disconnected,calibration,0.171666015625,
disconnected-3-4,disconnected,test,0.009572265625000001,0.02
disconnected-3-5,disconnected,test,0.22076171875,
disconnected-3-6,disconnected,test,0.008013671875000001,0.1
disconnected-3-7,disconnected,test,0.255830078125,
disconnected-6-0,disconnected,development,0.039185546875000005,0.4
disconnected-6-1,disconnected,development,0.07892968750000001,
disconnected-6-2,disconnected,development,0.025937500000000002,0.2
disconnected-6-3,disconnected,calibration,0.13192187500000002,
disconnected-6-4,disconnected,test,0.07113671875,0.4
disconnected-6-5,disconnected,test,0.15608007812500002,
disconnected-6-6,disconnected,test,0.11867382812500002,0.4
disconnected-6-7,disconnected,test,0.029833984375000004,0.1
disconnected-10-0,disconnected,development,0.010351562500000001,0.05
disconnected-10-1,disconnected,development,0.0477578125,0.4
disconnected-10-2,disconnected,development,0.064123046875,0.4
disconnected-10-3,disconnected,calibration,0.008013671875000001,0.2
disconnected-10-4,disconnected,test,0.037626953125,0.4
disconnected-10-5,disconnected,test,0.10075,0.4
disconnected-10-6,disconnected,test,0.04308203125,0.4
disconnected-10-7,disconnected,test,0.020482421875000004,0.1
correlated-3-0,correlated,development,0.240244140625,
correlated-3-1,correlated,development,0.4,
correlated-3-2,correlated,development,0.0,0.4
correlated-3-3,correlated,calibration,0.0,0.005
correlated-3-4,correlated,test,0.17088671875,
correlated-3-5,correlated,test,0.27998828124999997,
correlated-3-6,correlated,test,0.23634765625000004,
correlated-3-7,correlated,test,0.25193359375,
correlated-6-0,correlated,development,0.0,0.005
correlated-6-1,correlated,development,0.1412734375,
correlated-6-2,correlated,development,0.0,
correlated-6-3,correlated,calibration,0.0,0.005
correlated-6-4,correlated,test,0.0,0.4
correlated-6-5,correlated,test,0.146728515625,
correlated-6-6,correlated,test,0.23790625,
correlated-6-7,correlated,test,0.0,0.2
correlated-10-0,correlated,development,0.0,0.005
correlated-10-1,correlated,development,0.0,
correlated-10-2,correlated,development,0.0,
correlated-10-3,correlated,calibration,0.0,0.005
correlated-10-4,correlated,test,0.0,
correlated-10-5,correlated,test,0.07892968750000001,
correlated-10-6,correlated,test,0.144390625,
correlated-10-7,correlated,test,0.09217773437500001,
asymmetric-3-0,asymmetric,development,0.006455078125000001,0.05
asymmetric-3-1,asymmetric,development,0.008792968750000001,0.02
asymmetric-3-2,asymmetric,development,0.023599609375000004,0.2
asymmetric-3-3,asymmetric,calibration,0.0025585937500000005,0.01
asymmetric-3-4,asymmetric,test,0.010351562500000001,0.1
asymmetric-3-5,asymmetric,test,0.031392578125,0.1
asymmetric-3-6,asymmetric,test,0.015027343750000002,0.1
asymmetric-3-7,asymmetric,test,0.014248046875000002,0.05
asymmetric-6-0,asymmetric,development,0.029833984375000004,0.2
asymmetric-6-1,asymmetric,development,0.032951171875000004,0.4
asymmetric-6-2,asymmetric,development,0.004117187500000001,0.02
asymmetric-6-3,asymmetric,calibration,0.005675781250000001,0.05
asymmetric-6-4,asymmetric,test,0.003337890625000001,0.02
asymmetric-6-5,asymmetric,test,0.011910156250000001,0.2
asymmetric-6-6,asymmetric,test,0.006455078125000001,0.05
asymmetric-6-7,asymmetric,test,0.023599609375000004,0.1
asymmetric-10-0,asymmetric,development,0.006455078125000001,0.05
asymmetric-10-1,asymmetric,development,0.008013671875000001,0.05
asymmetric-10-2,asymmetric,development,0.012689453125000002,0.1
asymmetric-10-3,asymmetric,calibration,0.006455078125000001,0.05
asymmetric-10-4,asymmetric,test,0.0017792968750000003,0.05
asymmetric-10-5,asymmetric,test,0.030613281250000002,0.2
asymmetric-10-6,asymmetric,test,0.004117187500000001,0.05
asymmetric-10-7,asymmetric,test,0.013468750000000002,0.1
narrow-3-0,narrow,stress,0.022041015625,0.1
narrow-3-1,narrow,stress,0.005675781250000001,0.02
narrow-3-2,narrow,stress,0.008013671875000001,0.05
narrow-3-3,narrow,stress,0.018144531250000002,0.1
narrow-3-4,narrow,stress,0.0025585937500000005,0.01
narrow-3-5,narrow,stress,0.0165859375,0.1
narrow-3-6,narrow,stress,0.018923828125,0.1
narrow-3-7,narrow,stress,0.015806640625,0.05
narrow-6-0,narrow,stress,0.021261718750000002,0.2
narrow-6-1,narrow,stress,0.0025585937500000005,0.01
narrow-6-2,narrow,stress,0.013468750000000002,0.2
narrow-6-3,narrow,stress,0.0025585937500000005,0.05
narrow-6-4,narrow,stress,0.0017792968750000003,0.02
narrow-6-5,narrow,stress,0.0025585937500000005,0.01
narrow-6-6,narrow,stress,0.013468750000000002,0.1
narrow-6-7,narrow,stress,0.003337890625000001,0.05
narrow-10-0,narrow,stress,0.0025585937500000005,0.05
narrow-10-1,narrow,stress,0.004896484375000001,0.05
narrow-10-2,narrow,stress,0.004117187500000001,0.05
narrow-10-3,narrow,stress,0.028275390625,0.2
narrow-10-4,narrow,stress,0.022041015625,0.2
narrow-10-5,narrow,stress,0.011910156250000001,0.05
narrow-10-6,narrow,stress,0.015027343750000002,0.4
narrow-10-7,narrow,stress,0.021261718750000002,0.1
heavytail-3-0,heavytail,stress,0.06334375,
heavytail-3-1,heavytail,stress,0.03684765625,
heavytail-3-2,heavytail,stress,0.03840625,0.4
heavytail-3-3,heavytail,stress,0.032171875,0.2
heavytail-3-4,heavytail,stress,0.096853515625,
heavytail-3-5,heavytail,stress,0.09607421875,
heavytail-3-6,heavytail,stress,0.054771484375,0.4
heavytail-3-7,heavytail,stress,0.294015625,
heavytail-6-0,heavytail,stress,0.09295703125000002,0.4
heavytail-6-1,heavytail,stress,0.06490234375000001,0.4
heavytail-6-2,heavytail,stress,0.20673437500000003,
heavytail-6-3,heavytail,stress,0.121791015625,
heavytail-6-4,heavytail,stress,0.015806640625,0.1
heavytail-6-5,heavytail,stress,0.008792968750000001,0.1
heavytail-6-6,heavytail,stress,0.250375,
heavytail-6-7,heavytail,stress,0.087501953125,
heavytail-10-0,heavytail,stress,0.001,0.01
heavytail-10-1,heavytail,stress,0.0,
heavytail-10-2,heavytail,stress,0.287001953125,
heavytail-10-3,heavytail,stress,0.13893554687499998,0.4
heavytail-10-4,heavytail,stress,0.027496093750000002,0.2
heavytail-10-5,heavytail,stress,0.11399804687500001,
heavytail-10-6,heavytail,stress,0.18335546875000003,
heavytail-10-7,heavytail,stress,0.071916015625,0.4
